Office,Precinct,Early Ballots Cast,Election Ballots Cast,Total Ballots Cast,Registered Voters,Percent Turnout,REP Ken Paxton,DEM Sam Houston,LIB Jamie Balagia,GRN Jamar Osborne,Totals
Attorney General,0001,417,466,883,2358,37.45%,273,558,33,7,871
Attorney General,0002,334,313,647,1961,32.99%,258,353,19,6,636
Attorney General,0003,326,405,731,1560,46.86%,227,452,27,10,716
Attorney General,0004,369,487,856,1668,51.32%,269,536,25,7,837
Attorney General,0005,280,448,728,1417,51.38%,229,449,29,9,716
Attorney General,0006,656,456,1112,3702,30.04%,622,431,37,7,1097
Attorney General,0007,209,110,319,1017,31.37%,13,292,2,4,311
Attorney General,0008,393,310,703,1744,40.31%,334,330,22,8,694
Attorney General,0009,206,223,429,1874,22.89%,110,275,14,16,415
Attorney General,0010,255,171,426,1753,24.30%,122,275,7,6,410
Attorney General,0011,184,176,360,1785,20.17%,68,257,9,4,338
Attorney General,0012,86,66,152,735,20.68%,86,63,3,0,152
Attorney General,0013,548,361,909,2689,33.80%,654,222,15,6,897
Attorney General,0014,442,495,937,1870,50.11%,473,427,12,7,919
Attorney General,0015,597,898,1495,2878,51.95%,781,658,20,8,1467
Attorney General,0016,243,137,380,1071,35.48%,166,190,13,1,370
Attorney General,0017,185,215,400,1162,34.42%,170,201,12,4,387
Attorney General,0018,371,351,722,1443,50.03%,309,373,15,7,704
Attorney General,0019,172,207,379,1170,32.39%,115,247,8,2,372
Attorney General,0020,313,287,600,2646,22.68%,156,406,22,7,591
Attorney General,0021,179,184,363,1122,32.35%,63,277,11,5,356
Attorney General,0022,397,322,719,2473,29.07%,132,560,10,6,708
Attorney General,0023,31,22,53,541,9.80%,8,41,1,1,51
Attorney General,0024,107,88,195,655,29.77%,14,169,8,0,191
Attorney General,0025,105,143,248,1086,22.84%,8,230,4,3,245
Attorney General,0026,241,277,518,1845,28.08%,128,340,15,9,492
Attorney General,0027,453,427,890,3074,28.95%,208,623,22,16,869
Attorney General,0028,637,405,1042,3029,34.40%,673,340,7,3,1023
Attorney General,0029,194,237,431,2638,16.34%,168,235,6,8,417
Attorney General,0030,369,391,760,2403,31.63%,179,544,17,13,753
Attorney General,0031,455,280,735,2511,29.27%,19,693,6,4,722
Attorney General,0032,320,405,725,2398,30.23%,265,414,35,3,717
Attorney General,0033,709,615,1324,3706,35.73%,370,866,47,19,1302
Office,Precinct,Early Ballots Cast,Election Ballots Cast,Total Ballots Cast,Registered Voters,Percent Turnout,REP Ken Paxton,DEM Sam Houston,LIB Jamie Balagia,GRN Jamar Osborne,Totals
Attorney General,0034,626,579,1205,2786,43.25%,252,892,32,12,1188
Attorney General,0035,4,0,4,11,36.36%,1,3,0,0,4
Attorney General,0036,416,318,734,2927,25.08%,202,485,14,14,715
Attorney General,0037,542,436,978,2106,46.44%,258,662,26,12,958
Attorney General,0038,786,589,1375,2875,47.83%,415,889,30,18,1352
Attorney General,0039,659,575,1234,2759,44.73%,267,892,34,22,1215
Attorney General,0040,136,152,288,541,53.23%,122,150,4,2,278
Attorney General,0041,176,230,406,1334,30.43%,161,230,8,3,402
Attorney General,0042,228,109,337,1071,31.47%,6,319,1,2,328
Attorney General,0043,293,210,503,1695,29.68%,260,205,12,9,486
Attorney General,0044,204,222,426,2001,21.29%,91,296,18,5,410
Attorney General,0045,894,750,1644,6698,24.54%,324,1246,18,22,1610
Attorney General,0046,290,247,537,2511,21.39%,92,404,18,9,523
Attorney General,0047,213,218,431,1627,26.49%,14,398,4,8,424
Attorney General,0048,158,142,300,940,31.91%,25,269,2,2,298
Attorney General,0049,584,482,1066,3343,31.89%,762,263,19,8,1052
Attorney General,0050,785,771,1556,5211,29.86%,834,658,30,17,1539
Attorney General,0051,353,243,596,1689,35.29%,439,135,9,4,587
Attorney General,0052,422,447,869,2457,35.37%,386,446,23,6,861
Attorney General,0053,564,726,1290,2971,43.42%,480,743,36,13,1272
Attorney General,0054,270,364,634,1487,42.64%,302,298,20,6,626
Attorney General,0055,191,251,442,1506,29.35%,182,221,24,4,431
Attorney General,0056,282,278,560,1326,42.23%,358,177,13,2,550
Attorney General,0057,710,831,1541,3153,48.87%,543,911,35,23,1512
Attorney General,0058,470,556,1026,2690,38.14%,391,560,43,12,1006
Attorney General,0059,555,609,1164,2544,45.75%,414,679,41,15,1149
Attorney General,0060,500,564,1064,2453,43.38%,240,752,29,26,1047
Attorney General,0061,172,204,376,1773,21.21,%,145,203,6,4,358
Attorney General,0062,145,322,467,2181,21.41%,122,311,11,5,449
Attorney General,0063,264,354,618,1826,33.84%,492,108,11,2,613
Attorney General,0064,191,221,412,2141,19.24%,87,289,9,4,389
Attorney General,0065,172,230,402,2167,18.55%,93,274,12,9,388
Attorney General,0066,69,143,212,1098,19.31%,36,164,4,3,207
Office,Precinct,Early Ballots Cast,Election Ballots Cast,Total Ballots Cast,Registered Voters,Percent Turnout,REP Ken Paxton,DEM Sam Houston,LIB Jamie Balagia,GRN Jamar Osborne,Totals
Attorney General,0067,304,282,586,2794,20.97%,159,376,17,7,559
Attorney General,0068,553,352,905,2924,30.95%,21,851,3,12,887
Attorney General,0069,80,124,204,1284,15.89%,43,147,3,0,193
Attorney General,0070,882,664,1546,3337,46.33%,835,647,34,10,1526
Attorney General,0071,602,722,1324,4197,31.55%,604,637,59,10,1310
Attorney General,0072,220,293,513,1924,26.66%,164,308,19,10,501
Attorney General,0073,252,414,666,1555,42.83%,362,263,15,7,647
Attorney General,0074,1153,782,1935,3583,54.01%,1492,395,21,3,1911
Attorney General,0075,254,280,534,1444,36.98%,184,314,24,6,528
Attorney General,0076,373,374,747,2362,31.63%,427,291,12,5,735
Attorney General,0077,43,46,89,566,15.72%,18,68,2,0,88
Attorney General,0078,181,201,382,1522,25.10%,134,222,12,5,373
Attorney General,0079,205,306,511,2927,17.46%,128,344,13,3,488
Attorney General,0080,501,351,852,2725,31.27%,215,592,15,10,832
Attorney General,0081,183,187,370,1835,20.16%,148,201,8,3,360
Attorney General,0082,639,671,1310,3368,38.90%,966,294,27,10,1297
Attorney General,0083,1298,888,2186,6625,33.00%,1050,1066,27,11,2154
Attorney General,0084,208,218,426,1373,31.03%,306,104,7,1,418
Attorney General,0085,271,248,519,2173,23.88%,23,479,4,6,512
Attorney General,0086,448,568,1016,2910,34.91%,432,533,32,4,1001
Attorney General,0087,574,787,1461,2818,51.85%,836,575,31,4,1446
Attorney General,0088,123,118,241,693,34.78%,158,72,4,2,236
Attorney General,0089,165,371,536,1094,48.99%,257,251,8,4,520
Attorney General,0090,845,790,1635,3700,44.19%,1159,413,44,5,1621
Attorney General,0091,221,222,443,1505,29.44%,257,167,14,1,439
Attorney General,0092,695,462,1157,2242,51.61%,751,361,22,5,1139
Attorney General,0093,381,301,582,3356,20.32%,270,361,15,8,654
Attorney General,0094,51,43,94,549,17.12%,28,62,2,1,93
Attorney General,0095,917,576,1493,3177,46.99%,1048,392,28,5,1473
Attorney General,0096,83,83,166,1296,12.81%,22,142,0,2,166
Attorney General,0097,1024,725,1749,4828,36.23%,1300,405,22,6,1733
Attorney General,0098,403,488,891,2651,33.61%,731,121,19,8,879
Attorney General,0099,254,184,438,2092,20.94%,207,214,8,5,434
Office,Precinct,Early Ballots Cast,Election Ballots Cast,Total Ballots Cast,Registered Voters,Percent Turnout,REP Ken Paxton,DEM Sam Houston,LIB Jamie Balagia,GRN Jamar Osborne,Totals
Attorney General,0100,165,173,338,1730,19.54%,174,147,9,3,333
Attorney General,0101,72,58,130,946,13.74%,46,76,6,1,129
Attorney General,0102,207,121,328,1872,17.52%,88,225,6,0,319
Attorney General,0103,700,714,1414,5371,26.33%,806,563,19,8,1396
Attorney General,0104,530,231,761,1905,39.95%,18,727,2,3,750
Attorney General,0105,196,210,406,2165,18.75%,133,235,11,5,384
Attorney General,0106,18,7,25,294,8.50%,16,9,0,0,25
Attorney General,0107,154,197,351,2032,17.27%,56,277,5,6,344
Attorney General,0108,558,272,940,3365,27.93%,563,343,18,4,928
Attorney General,0109,530,245,775,2824,27.44%,9,748,2,5,764
Attorney General,0110,854,494,1148,3042,37.74%,742,368,17,5,1132
Attorney General,0111,816,795,1611,4102,39.27%,1178,377,36,3,1594
Attorney General,0112,542,485,1027,2976,34.51%,760,239,19,3,1021
Attorney General,0113,552,429,991,2647,37.44%,582,358,20,15,975
Attorney General,0114,707,547,1254,3311,37.87%,1008,216,19,4,1247
Attorney General,0115,238,150,388,1800,21.56%,53,319,1,4,377
Attorney General,0116,982,776,1758,3147,55.86%,1295,396,35,2,1728
Attorney General,0117,216,226,442,1880,23.51%,217,207,8,3,435
Attorney General,0118,304,123,427,759,56.26%,333,81,10,1,425
Attorney General,0119,1290,1024,2314,5500,42.07%,1853,386,38,9,2286
Attorney General,0120,713,422,1135,3191,35.57%,732,364,16,8,1120
Attorney General,0121,92,178,270,848,31.84%,191,69,4,2,266
Attorney General,0122,352,225,577,1890,30.53%,22,532,8,7,569
Attorney General,0123,285,288,573,1392,41.16%,132,411,18,7,568
Attorney General,0124,1734,1292,3026,7254,41.71%,2384,576,40,6,3006
Attorney General,0125,415,332,747,2405,31.06%,452,259,17,10,738
Attorney General,0126,893,467,1360,3100,43.87%,1207,128,13,5,1353
Attorney General,0127,435,154,589,1836,32.08%,419,144,10,3,576
Attorney General,0128,445,707,1152,2290,50.31%,646,460,19,5,1130
Attorney General,0129,1031,1200,2231,5746,38.83%,1339,790,51,15,2195
Attorney General,0130,727,523,1250,2333,53.58%,897,322,9,2,1230
Attorney General,0131,251,259,510,1935,26.36%,120,361,7,6,494
Attorney General,0132,593,323,916,2387,38.37%,20,869,6,6,901
Office,Precinct,Early Ballots Cast,Election Ballots Cast,Total Ballots Cast,Registered Voters,Percent Turnout,REP Ken Paxton,DEM Sam Houston,LIB Jamie Balagia,GRN Jamar Osborne,Totals
Attorney General,0133,514,858,1372,2662,51.54%,728,572,37,10,1347
Attorney General,0134,192,265,457,1437,31.80%,209,230,7,3,449
Attorney General,0135,730,579,1309,2671,49.01%,832,427,22,4,1285
Attorney General,0136,503,371,874,2013,43.42%,30,811,9,11,861
Attorney General,0137,166,141,307,716,42.88%,138,156,8,3,305
Attorney General,0138,296,199,495,1699,29.13%,16,469,0,5,490
Attorney General,0139,700,551,1251,3037,41.19%,505,681,30,12,1228
Attorney General,0140,701,480,1181,3214,36.75%,137,990,21,18,1166
Attorney General,0141,80,80,160,855,18.71%,97,54,4,0,155
Attorney General,0142,87,103,190,902,21.06%,63,118,3,2,186
Attorney General,0143,1962,580,2542,6386,39.81%,1807,672,34,4,2517
Attorney General,0144,216,158,374,1093,34.22%,7,355,4,2,368
Attorney General,0145,264,213,477,1538,31.01%,11,451,2,1,465
Attorney General,0146,426,519,945,2008,47.06%,383,499,26,17,925
Attorney General,0147,589,329,101,8,3008,33.84%,125,861,11,7,1004
Attorney General,0148,500,780,1280,2540,50.39%,428,784,33,7,1252
Attorney General,0149,1621,737,2358,7993,29.50%,1201,1070,44,19,2334
Attorney General,0150,236,169,405,1256,32.25%,16,385,1,0,402
Attorney General,0151,137,79,216,826,26.15%,10,198,0,2,210
Attorney General,0152,214,299,513,2788,18.40%,127,345,14,11,497
Attorney General,0153,125,206,331,1808,18.31%,102,205,7,3,317
Attorney General,0154,249,183,432,2190,19.73%,103,290,14,9,416
Attorney General,0155,1022,619,1641,4109,39.94%,1129,469,15,12,1625
Attorney General,0156,800,326,1126,3071,36.67%,40,1046,14,9,1109
Attorney General,0157,448,214,662,2236,29.61%,25,619,6,1,651
Attorney General,0158,600,315,915,3035,30.15%,26,864,5,5,900
Attorney General,0159,116,127,243,998,24.35%,37,196,5,2,240
Attorney General,0160,122,73,195,696,28.02%,7,184,3,1,195
Attorney General,0161,163,141,304,991,30.68%,4,291,0,2,297
Attorney General,0162,101,83,184,1265,14.55%,70,103,4,0,177
Attorney General,0163,230,320,550,3037,18.11%,229,288,9,3,529
Attorney General,0164,182,205,387,1420,27.25%,11,364,2,0,377
Attorney General,0165,535,483,1018,2334,43.62%,654,322,21,4,1001
Office,Precinct,Early Ballots Cast,Election Ballots Cast,Total Ballots Cast,Registered Voters,Percent Turnout,REP Ken Paxton,DEM Sam Houston,LIB Jamie Balagia,GRN Jamar Osborne,Totals
Attorney General,0166,158,233,391,1028,38.04%,107,254,13,6,380
Attorney General,0167,3,0,3,24,12.50%,1,2,0,0,3
Attorney General,0168,92,58,150,503,29.82%,6,141,0,0,147
Attorney General,0169,516,251,767,2513,30.52%,14,730,6,3,753
Attorney General,0170,271,141,412,1869,22.04%,209,180,8,4,401
Attorney General,0171,202,198,400,1604,24.94%,14,380,0,2,396
Attorney General,0172,86,80,166,621,26.73%,63,89,2,6,160
Attorney General,0173,819,739,1558,3599,43.29%,1243,266,26,7,1542
Attorney General,0174,830,733,1563,3296,47.42%,1036,466,29,8,1539
Attorney General,0175,560,749,1309,2618,50.00%,617,632,25,13,1287
Attorney General,0176,344,451,795,1602,49.63%,396,364,12,4,776
Attorney General,0177,278,326,604,1496,40.37%,321,259,13,3,596
Attorney General,0178,504,365,869,1765,49.24%,548,289,20,0,857
Attorney General,0179,256,188,444,1575,28.19%,237,181,11,9,438
Attorney General,0180,470,343,813,2834,28.69%,19,757,10,10,796
Attorney General,0181,175,262,437,2061,21.20%,135,274,10,5,424
Attorney General,0182,590,974,1564,3405,45.93%,895,592,20,9,1516
Attorney General,0183,520,794,1314,2491,52.75%,770,489,21,4,1284
Attorney General,0184,106,135,241,994,24.25%,88,127,6,0,221
Attorney General,0185,283,292,575,1933,29.75%,197,343,11,5,556
Attorney General,0186,97,106,203,798,25.44%,34,165,2,0,201
Attorney General,0187,21,25,46,311,14.79%,13,30,1,0,44
Attorney General,0188,153,146,299,1637,18.27%,135,147,8,2,292
Attorney General,0189,239,360,599,1465,40.89%,301,251,26,9,587
Attorney General,0190,120,177,297,1723,17.24%,123,151,10,3,287
Attorney General,0191,79,126,205,1366,15.01%,91,103,5,2,201
Attorney General,0192,381,225,606,1959,30.93%,31,556,3,7,597
Attorney General,0193,173,187,360,1074,33.52%,10,334,2,6,352
Attorney General,0194,351,431,782,1912,40.90%,212,516,25,17,770
Attorney General,0195,269,278,547,1694,32.29%,18,512,8,4,542
Attorney General,0196,52,32,84,316,26.58%,5,74,5,0,84
Attorney General,0197,543,309,852,2914,29.24%,20,812,7,6,845
Attorney General,0198,53,74,127,642,19.78%,2,122,0,2,126
Office,Precinct,Early Ballots Cast,Election Ballots Cast,Total Ballots Cast,Registered Voters,Percent Turnout,REP Ken Paxton,DEM Sam Houston,LIB Jamie Balagia,GRN Jamar Osborne,Totals
Attorney General,0199,812,661,1473,3216,45.80%,1126,275,45,8,1454
Attorney General,0200,962,536,1498,3382,44.29%,639,778,32,10,1459
Attorney General,0201,98,87,185,724,25.55%,3,177,0,3,183
Attorney General,0202,217,189,406,1464,27.73%,11,381,4,4,400
Attorney General,0203,107,68,175,960,18.23%,43,121,2,3,169
Attorney General,0204,817,784,1601,3487,45.91%,855,653,51,16,1575
Attorney General,0205,465,171,636,1664,38.22%,12,616,1,1,630
Attorney General,0206,364,462,826,2779,29.72%,225,530,38,17,810
Attorney General,0207,265,261,526,1188,44.28%,162,330,15,3,510
Attorney General,0208,322,262,584,2195,26.61%,175,382,7,6,570
Attorney General,0209,0,2,2,0,0.00%,2,0,0,0,2
Attorney General,0210,502,467,969,2533,38.26%,90,838,18,13,959
Attorney General,0211,307,386,693,2914,23.78%,250,394,21,12,677
Attorney General,0212,95,155,251,1300,19.31%,51,186,2,3,242
Attorney General,0213,826,913,1739,3350,51.91%,1296,383,19,3,1701
Attorney General,0214,404,491,895,1854,48.27%,524,339,14,5,882
Attorney General,0215,423,711,1134,2258,50.22%,605,463,34,6,1108
Attorney General,0216,362,223,585,1945,30.08%,37,523,5,4,569
Attorney General,0217,844,631,1475,2678,55.08%,867,548,33,8,1456
Attorney General,0218,392,402,794,2292,34.64%,228,507,19,11,765
Attorney General,0219,497,436,933,2767,33.72%,55,849,7,8,919
Attorney General,0220,325,187,512,2310,22.16%,372,125,7,2,506
Attorney General,0221,332,369,701,2529,27.72%,293,361,20,2,676
Attorney General,0222,623,674,1297,2501,51.86%,511,717,24,15,1267
Attorney General,0223,563,377,940,3582,26.24%,238,650,29,8,925
Attorney General,0224,531,456,987,2238,44.10%,428,515,19,9,971
Attorney General,0225,376,405,781,3305,23.63%,393,357,14,6,770
Attorney General,0226,227,307,534,2436,21.92%,126,369,17,4,516
Attorney General,0227,558,423,981,1785,54.96%,688,266,10,4,968
Attorney General,0228,362,195,557,1050,53.05%,22,514,7,7,550
Attorney General,0229,31,96,127,815,15.58%,57,62,2,1,122
Attorney General,0230,185,116,301,1089,27.64%,7,284,5,2,298
Attorney General,0231,233,264,497,2232,22.27%,128,335,10,6,479
Office,Precinct,Early Ballots Cast,Election Ballots Cast,Total Ballots Cast,Registered Voters,Percent Turnout,REP Ken Paxton,DEM Sam Houston,LIB Jamie Balagia,GRN Jamar Osborne,Totals
Attorney General,0232,361,474,835,1760,47.44%,423,373,17,10,823
Attorney General,0233,892,801,1693,4445,38.09%,744,858,45,11,1658
Attorney General,0234,1192,913,2105,3993,52.72%,1512,521,15,9,2057
Attorney General,0235,240,158,398,1356,29.35%,13,372,4,5,394
Attorney General,0236,354,235,589,2079,28.33%,10,560,4,8,582
Attorney General,0237,417,253,670,2161,31.00%,14,646,4,0,664
Attorney General,0238,340,245,585,1925,30.39%,18,544,5,7,574
Attorney General,0239,383,236,619,1964,31.52%,20,579,3,6,608
Attorney General,0240,585,243,828,2649,31.26%,17,785,5,4,811
Attorney General,0241,222,229,451,2372,19.01%,186,248,4,0,438
Attorney General,0242,173,162,335,1596,20.99%,189,125,10,4,328
Attorney General,0243,138,43,181,457,39.61%,0,179,1,1,181
Attorney General,0244,480,425,905,3117,29.03%,511,357,14,6,888
Attorney General,0245,946,799,1745,5828,29.94%,1202,480,37,8,1727
Attorney General,0246,684,513,1197,3315,36.11%,858,308,16,4,1186
Attorney General,0247,173,254,427,1582,26.99%,16,401,2,4,423
Attorney General,0248,161,167,328,2100,15.62%,90,215,12,2,319
Attorney General,0249,461,348,809,2719,29.75%,556,225,11,7,799
Attorney General,0250,109,164,273,964,28.32%,10,253,4,2,269
Attorney General,0251,278,436,714,2089,34.18%,26,670,6,4,706
Attorney General,0252,504,312,816,2377,34.33%,13,787,3,5,808
Attorney General,0253,379,222,601,2177,27.61%,8,574,2,6,590
Attorney General,0254,93,112,205,1550,13.23%,62,133,5,2,202
Attorney General,0255,526,648,1174,2482,47.30%,501,622,26,4,1153
Attorney General,0256,575,449,1024,3254,31.47%,468,489,28,11,996
Attorney General,0257,204,245,449,2523,17.80%,135,292,7,1,435
Attorney General,0258,840,800,1640,3322,49.37%,1148,430,23,9,1610
Attorney General,0259,656,382,1038,2361,43.96%,24,987,5,5,1021
Attorney General,0260,162,145,307,1260,24.37%,184,112,4,2,302
Attorney General,0261,124,120,244,1417,17.22%,98,132,3,1,234
Attorney General,0262,758,600,1358,4397,30.88%,815,477,37,10,1339
Attorney General,0263,858,712,1570,3693,42.51%,1186,339,29,2,1556
Attorney General,0264,482,457,939,2963,31.69%,582,322,17,7,928
Office,Precinct,Early Ballots Cast,Election Ballots Cast,Total Ballots Cast,Registered Voters,Percent Turnout,REP Ken Paxton,DEM Sam Houston,LIB Jamie Balagia,GRN Jamar Osborne,Totals
Attorney General,0265,988,759,1747,3584,48.74%,1262,418,28,5,1713
Attorney General,0266,259,257,516,2104,24.52%,247,238,9,6,500
Attorney General,0267,146,166,312,1327,23.51%,168,121,6,4,299
Attorney General,0268,435,717,1152,2493,46.21%,637,454,20,9,1120
Attorney General,0269,702,453,1155,2030,56.90%,855,267,17,2,1141
Attorney General,0270,819,672,1491,3605,41.36%,796,620,36,12,1464
Attorney General,0271,656,382,1038,2518,41.22%,24,990,6,8,1028
Attorney General,0272,264,292,555,2162,25.72%,205,309,25,5,544
Attorney General,0273,548,689,1237,2470,50.08%,946,244,22,3,1215
Attorney General,0274,588,346,934,2153,43.38%,608,283,23,5,919
Attorney General,0275,207,236,443,1850,23.95%,96,327,6,7,436
Attorney General,0276,572,231,803,2536,31.66%,7,770,5,9,791
Attorney General,0277,170,186,356,1492,23.86%,167,178,3,3,351
Attorney General,0278,421,320,741,2454,30.20%,410,306,10,4,730
Attorney General,0279,251,223,474,1941,24.42%,293,166,7,1,467
Attorney General,0280,130,188,318,1524,20.87%,128,162,9,6,305
Attorney General,0281,655,742,1397,2633,53.06%,603,738,16,7,1364
Attorney General,0282,314,455,769,2042,37.66%,469,271,19,3,762
Attorney General,0283,0,0,0,0,0.00%,0,0,0,0,0
Attorney General,0284,574,335,910,3172,28.69%,405,451,19,10,885
Attorney General,0285,448,378,826,2540,32.52%,77,721,6,6,810
Attorney General,0286,1255,821,2076,6170,33.65%,191,1816,16,16,2039
Attorney General,0287,371,477,848,1621,52.31%,388,419,24,4,835
Attorney General,0288,532,313,845,2210,38.24%,19,807,1,10,837
Attorney General,0289,186,212,398,1564,25.45%,208,175,7,1,391
Attorney General,0290,245,298,543,1642,33.07%,403,127,8,4,542
Attorney General,0291,325,235,560,1225,45.71%,269,266,7,7,549
Attorney General,0292,207,147,354,1356,26.11%,45,298,2,1,346
Attorney General,0293,357,447,804,1759,45.71%,359,400,19,5,783
Attorney General,0294,488,221,709,2097,33.81%,11,676,4,6,697
Attorney General,0295,148,103,251,885,28.36%,5,238,1,4,248
Attorney General,0296,327,340,667,1713,38.94%,378,245,19,4,646
Attorney General,0297,280,249,529,2012,26.29%,230,270,9,6,515
Office,Precinct,Early Ballots Cast,Election Ballots Cast,Total Ballots Cast,Registered Voters,Percent Turnout,REP Ken Paxton,DEM Sam Houston,LIB Jamie Balagia,GRN Jamar Osborne,Totals
Attorney General,0298,415,358,773,2121,36.45%,441,286,21,7,755
Attorney General,0299,179,117,296,1353,21.88%,115,159,11,3,288
Attorney General,0300,1389,1016,2405,5406,44.49%,1895,443,33,6,2377
Attorney General,0301,210,255,465,2352,19.77%,188,246,8,5,447
Attorney General,0302,353,343,696,2720,25.59%,412,259,12,3,686
Attorney General,0303,924,784,1708,3245,52.63%,1288,357,31,9,1685
Attorney General,0304,606,505,1111,2298,48.35%,574,479,24,8,1085
Attorney General,0305,524,432,956,4191,22.81%,397,515,21,11,944
Attorney General,0306,550,342,992,1879,52.79%,693,266,15,5,979
Attorney General,0307,733,670,1403,3099,45.27%,915,417,39,15,1386
Attorney General,0308,199,130,329,1296,25.39%,111,199,10,5,325
Attorney General,0309,708,593,1301,2524,51.55%,1007,261,12,3,1283
Attorney General,0310,386,279,665,1435,46.34%,446,198,5,3,652
Attorney General,0311,485,421,907,2986,30.38%,475,366,16,11,868
Attorney General,0312,742,457,1199,3636,32.98%,734,415,25,7,1181
Attorney General,0313,9,0,9,62,14.52%,7,2,0,0,9
Attorney General,0314,1121,913,2034,5647,36.02%,1270,687,39,15,2011
Attorney General,0315,478,388,866,1608,53.86%,476,343,12,13,844
Attorney General,0316,412,341,753,1537,48.99%,371,349,12,7,739
Attorney General,0317,250,209,459,1588,28.90%,145,288,13,8,454
Attorney General,0318,834,568,1402,3660,38.31%,71,1298,7,9,1385
Attorney General,0319,512,230,742,2158,34.38%,45,667,2,12,726
Attorney General,0320,234,168,402,1537,26.15%,197,185,4,0,386
Attorney General,0321,262,191,453,2346,19.31%,170,255,5,10,440
Attorney General,0322,182,129,311,1226,25.37%,98,199,6,2,305
Attorney General,0323,278,211,489,1722,28.40%,226,231,10,5,472
Attorney General,0324,532,545,1178,2336,50.43%,710,419,25,3,1157
Attorney General,0325,289,193,482,2112,22.82%,105,355,7,7,474
Attorney General,0326,87,74,161,698,23.07%,78,73,4,2,157
Attorney General,0327,380,129,509,1729,29.44%,8,487,2,7,504
Attorney General,0328,151,140,291,1434,20.29%,120,148,9,5,282
Attorney General,0329,191,184,375,1397,26.84%,142,209,12,6,369
Attorney General,0330,334,253,587,1936,30.32%,328,227,14,3,572
Office,Precinct,Early Ballots Cast,Election Ballots Cast,Total Ballots Cast,Registered Voters,Percent Turnout,REP Ken Paxton,DEM Sam Houston,LIB Jamie Balagia,GRN Jamar Osborne,Totals
Attorney General,0331,0,0,0,0,0.00%,0,0,0,0,0
Attorney General,0332,18,7,25,138,18.12%,10,12,0,0,22
Attorney General,0333,524,714,1238,3021,40.98%,844,331,44,3,1222
Attorney General,0334,83,42,125,742,16.85%,21,100,1,1,123
Attorney General,0335,121,98,219,1300,16.85%,84,121,7,2,214
Attorney General,0336,870,624,1494,4051,36.88%,127,1313,19,15,1474
Attorney General,0337,124,103,227,1029,22.06%,38,171,4,1,214
Attorney General,0338,731,391,1122,4934,22.74%,385,653,16,11,1065
Attorney General,0339,202,222,424,1757,24.13%,96,295,11,7,409
Attorney General,0340,1038,594,1632,3765,43.35%,1212,353,36,11,1612
Attorney General,0341,91,167,258,1290,20.00%,81,158,5,5,249
Attorney General,0342,675,605,1280,6526,19.61%,220,1015,17,11,1263
Attorney General,0343,189,271,460,1964,23.42%,132,289,13,2,436
Attorney General,0344,154,172,326,1160,28.10%,13,302,3,0,318
Attorney General,0345,156,165,321,1804,17.79%,96,207,6,6,315
Attorney General,0346,0,1,1,3,33.33%,1,0,0,0,1
Attorney General,0347,592,436,1028,3387,30.35%,677,309,27,8,1021
Attorney General,0348,438,208,646,1708,37.82%,499,127,13,3,642
Attorney General,0349,188,267,455,1349,33.73%,282,150,12,7,451
Attorney General,0350,525,526,1051,2909,36.13%,395,594,30,11,1030
Attorney General,0351,1491,710,2201,4712,46.71%,1716,418,30,10,2174
Attorney General,0352,520,339,859,3205,26.80%,622,203,19,4,848
Attorney General,0353,665,451,1116,3862,28.90%,207,875,11,6,1099
Attorney General,0354,715,338,1053,3388,31.08%,262,749,14,8,1033
Attorney General,0355,301,264,565,1560,36.22%,51,489,6,6,552
Attorney General,0356,594,538,1132,2972,38.09%,704,378,23,4,1109
Attorney General,0357,837,575,1412,3517,40.15%,1016,350,25,4,1395
Attorney General,0358,213,254,467,2492,18.74%,48,398,6,6,458
Attorney General,0359,235,224,459,3061,15.00%,58,386,6,2,452
Attorney General,0360,524,380,904,2146,42.12%,455,403,16,8,882
Attorney General,0361,41,295,336,1673,20.08%,44,256,19,8,327
Attorney General,0362,1138,887,2025,5086,39.82%,1470,473,37,12,1992
Attorney General,0363,620,412,1032,3677,28.07%,469,533,11,7,1020
Office,Precinct,Early Ballots Cast,Election Ballots Cast,Total Ballots Cast,Registered Voters,Percent Turnout,REP Ken Paxton,DEM Sam Houston,LIB Jamie Balagia,GRN Jamar Osborne,Totals
Attorney General,0364,489,405,894,2658,33.63%,508,341,25,5,879
Attorney General,0365,478,231,709,1305,54.33%,52,632,8,3,695
Attorney General,0366,252,270,522,2454,21.27%,132,369,8,6,515
Attorney General,0367,170,138,308,1130,27.26%,67,229,9,1,306
Attorney General,0368,178,88,266,958,27.77%,76,182,2,2,262
Attorney General,0369,32,29,61,559,10.91%,17,43,0,1,61
Attorney General,0370,1532,1105,2637,6593,40.00%,2010,551,36,13,2610
Attorney General,0371,122,52,174,502,34.66%,6,161,3,3,173
Attorney General,0372,221,170,391,1224,31.94%,56,324,1,2,383
Attorney General,0373,21,12,33,157,21.02%,3,28,0,1,32
Attorney General,0374,65,93,158,738,21.41%,58,95,3,2,158
Attorney General,0375,254,220,474,2645,17.92%,242,210,4,5,461
Attorney General,0376,278,205,483,1910,25.29%,218,247,5,2,472
Attorney General,0377,525,583,1109,2920,37.98%,807,253,22,13,1095
Attorney General,0378,232,354,586,1829,32.04%,362,201,17,1,581
Attorney General,0379,432,289,721,2027,35.57%,74,623,7,4,708
Attorney General,0380,1303,995,2298,5666,40.56%,1210,988,54,18,2270
Attorney General,0381,412,248,660,2855,23.12%,314,327,5,3,649
Attorney General,0382,132,157,289,922,31.34%,209,70,5,2,286
Attorney General,0383,289,263,552,2173,25.40%,225,305,6,5,541
Attorney General,0384,573,373,946,2657,35.60%,190,724,10,8,932
Attorney General,0385,583,670,1253,2207,56.77%,916,293,18,7,1234
Attorney General,0386,662,469,1131,2922,38.71%,826,276,7,4,1113
Attorney General,0387,555,672,1227,3935,31.18%,888,296,16,8,1208
Attorney General,0388,1432,1010,2442,6888,35.45%,1395,968,42,17,2422
Attorney General,0389,91,208,299,1026,29.14%,36,231,15,7,289
Attorney General,0390,355,263,619,1480,41.82%,66,524,9,8,607
Attorney General,0391,508,260,768,1883,40.79%,475,264,13,9,761
Attorney General,0392,387,155,542,1446,37.48%,9,517,2,7,535
Attorney General,0393,165,185,350,1292,27.09%,162,173,8,2,345
Attorney General,0394,69,73,142,834,17.03%,71,62,4,2,139
Attorney General,0395,470,404,874,1846,47.35%,610,226,18,5,859
Attorney General,0396,623,216,839,2082,40.30%,18,805,7,1,831
Office,Precinct,Early Ballots Cast,Election Ballots Cast,Total Ballots Cast,Registered Voters,Percent Turnout,REP Ken Paxton,DEM Sam Houston,LIB Jamie Balagia,GRN Jamar Osborne,Totals
Attorney General,0397,86,78,164,760,21.58%,78,78,4,1,161
Attorney General,0398,615,521,1136,4022,28.24%,603,497,19,6,1125
Attorney General,0399,404,366,770,2791,27.59%,418,327,10,7,762
Attorney General,0400,620,359,979,2411,40.61%,702,229,18,8,957
Attorney General,0401,330,205,535,1913,27.97%,25,492,6,5,528
Attorney General,0402,466,266,732,1794,40.80%,44,667,5,5,721
Attorney General,0403,475,498,973,1715,56.73%,512,428,8,3,951
Attorney General,0404,419,330,749,2585,28.97%,430,292,10,4,736
Attorney General,0405,0,0,0,0,0.00%,0,0,0,0,0
Attorney General,0406,137,67,204,628,32.48%,7,195,0,0,202
Attorney General,0407,692,793,1485,3769,39.40%,964,456,24,10,1454
Attorney General,0408,146,153,299,1691,17.68%,139,146,7,3,295
Attorney General,0409,122,149,271,1459,18.57%,107,146,4,5,262
Attorney General,0410,132,80,212,899,23.58%,46,155,3,2,206
Attorney General,0411,235,200,435,2339,18.60%,159,256,8,3,426
Attorney General,0412,74,44,118,468,25.21%,8,106,1,0,115
Attorney General,0413,767,386,1153,2992,38.54%,459,648,12,9,1128
Attorney General,0414,654,480,1134,3453,32.84%,879,226,10,3,1118
Attorney General,0415,539,598,1137,2203,51.61%,749,344,26,7,1126
Attorney General,0416,538,558,1096,3791,28.91%,597,453,23,7,1080
Attorney General,0417,353,385,738,2448,30.15%,380,331,16,4,731
Attorney General,0418,404,469,873,3584,24.36%,360,467,16,7,850
Attorney General,0419,571,324,895,2658,33.67%,590,267,20,5,882
Attorney General,0420,1036,874,1910,4762,40.11%,1580,282,28,4,1894
Attorney General,0421,36,37,73,410,17.80%,26,43,3,0,72
Attorney General,0422,731,402,1133,3345,33.87%,32,1080,2,8,1122
Attorney General,0423,108,120,228,1376,16.57%,78,143,3,1,225
Attorney General,0424,240,111,351,967,36.30%,195,137,11,3,346
Attorney General,0425,107,123,230,883,26.05%,83,132,6,1,222
Attorney General,0426,260,183,443,1218,36.37%,255,164,9,1,429
Attorney General,0427,179,134,313,1092,28.66%,135,159,3,2,299
Attorney General,0428,619,421,1040,4538,22.92%,330,618,15,6,969
Attorney General,0429,445,314,759,3197,23.74%,209,494,10,8,721
Office,Precinct,Early Ballots Cast,Election Ballots Cast,Total Ballots Cast,Registered Voters,Percent Turnout,REP Ken Paxton,DEM Sam Houston,LIB Jamie Balagia,GRN Jamar Osborne,Totals
Attorney General,0430,161,133,294,1657,17.74%,61,193,10,5,269
Attorney General,0431,327,64,411,3417,12.03%,142,235,7,6,392
Attorney General,0432,123,157,260,1455,19.24%,91,167,16,2,276
Attorney General,0433,50,63,113,561,19.45%,23,77,6,2,106
Attorney General,0434,371,269,660,1503,43.91%,396,236,14,2,646
Attorney General,0435,656,636,1492,3252,45.66%,924,504,26,9,1463
Attorney General,0436,629,531,1160,2933,39.55%,692,412,21,11,1136
Attorney General,0437,521,512,1033,2033,50.61%,704,296,19,2,1021
Attorney General,0436,519,369,1006,1661,54.16%,734,246,15,0,995
Attorney General,0439,710,664,1594,3554,44.65%,1091,437,29,5,1562
Attorney General,0440,664,656,1522,2930,51.95%,1153,319,22,3,1497
Attorney General,0441,345,420,765,1669,45.64%,564,170,12,3,749
Attorney General,0442,612,574,1166,2575,46.06%,979,160,6,6,1173
Attorney General,0443,227,136,365,646,56.50%,246,103,6,3,362
Attorney General,0444,587,563,1270,3262,36.93%,765,430,39,4,1256
Attorney General,0445,499,346,647,2026,41.61%,555,263,6,9,635
Attorney General,0446,31,22,53,291,16.21%,26,23,1,1,51
Attorney General,0447,93,66,179,637,26.10%,51,116,7,2,176
Attorney General,0446,590,776,1366,3136,43.59%,736,546,42,6,1334
Attorney General,0449,12,23,35,196,17.66%,3,30,1,0,34
Attorney General,0450,435,326,764,2635,26.99%,229,502,16,7,754
Attorney General,0451,1002,510,1512,2667,56.27%,1206,264,17,1,1490
Attorney General,0452,554,444,996,3046,32.74%,723,234,21,4,962
Attorney General,0453,231,262,493,1937,25.45%,197,274,4,3,476
Attorney General,0454,594,246,642,2561,32.66%,14,610,3,7,634
Attorney General,0455,367,165,532,1669,31.50%,21,497,3,7,526
Attorney General,0456,462,362,644,3513,24.03%,499,329,3,7,636
Attorney General,0457,0,0,0,0,0.00%,0,0,0,0,0
Attorney General,0456,471,237,706,1924,36.60%,31,646,7,9,695
Attorney General,0459,951,474,1425,3021,47.17%,1107,264,21,4,1416
Attorney General,0460,554,331,665,2637,31.19%,223,626,17,11,677
Attorney General,0461,1155,735,1900,3671,49.06%,1273,552,35,7,1667
Attorney General,0462,675,619,1294,3364,36.24%,461,765,16,7,1269
Office,Precinct,Early Ballots Cast,Election Ballots Cast,Total Ballots Cast,Registered Voters,Percent Turnout,REP Ken Paxton,DEM Sam Houston,LIB Jamie Balagia,GRN Jamar Osborne,Totals
Attorney General,0463,481,404,885,3326,26.61%,389,458,19,5,871
Attorney General,0464,356,430,786,2257,34.82%,552,204,23,3,782
Attorney General,0465,688,520,1208,3564,33.89%,673,493,28,5,1199
Attorney General,0466,1058,614,1672,4184,39.96%,960,668,12,5,1645
Attorney General,0467,213,189,402,1270,31.65%,95,292,5,3,395
Attorney General,0468,352,443,795,3598,22.10%,256,504,10,11,781
Attorney General,0469,1299,547,1846,3985,46.32%,1432,361,19,10,1822
Attorney General,0470,185,176,361,1326,27.22%,268,75,8,3,354
Attorney General,0471,375,380,755,2387,31.63%,606,129,9,6,750
Attorney General,0472,198,278,476,1081,44.03%,173,277,12,6,468
Attorney General,0473,603,391,994,1806,55.04%,675,289,14,3,981
Attorney General,0474,559,588,1147,3037,37.77%,783,322,31,4,1140
Attorney General,0475,189,267,456,1809,25.21%,224,204,13,5,446
Attorney General,0476,404,473,877,2430,36.09%,487,354,17,7,865
Attorney General,0477,737,567,1304,3505,37.20%,989,270,31,3,1293
Attorney General,0478,958,657,1615,4461,36.20%,1081,472,35,9,1597
Attorney General,0479,840,612,1252,2714,46.13%,902,295,35,4,1236
Attorney General,0480,493,450,943,2415,39.05%,682,227,21,5,935
Attorney General,0481,770,623,1393,3482,40.01%,1055,288,22,7,1372
Attorney General,0482,878,830,1508,4373,34.48%,1059,384,43,8,1494
Attorney General,0483,1043,478,1521,4308,35.31%,867,587,28,12,1494
Attorney General,0484,1107,930,2037,4979,40.91%,1442,522,38,13,2015
Attorney General,0485,1095,911,2006,5388,37.23%,1544,399,44,5,1992
Attorney General,0486,873,855,1728,3866,44.70%,1329,330,35,3,1697
Attorney General,0487,570,294,864,3860,22.38%,306,485,13,3,807
Attorney General,0488,268,254,522,1719,30.37%,191,294,15,2,502
Attorney General,0489,350,290,640,1893,33.81%,206,399,17,5,627
Attorney General,0490,444,368,812,1975,41.11%,283,502,9,4,798
Attorney General,0491,315,372,687,1888,36.39%,397,257,20,4,678
Attorney General,0492,556,410,966,2335,41.37%,571,360,13,7,951
Attorney General,0493,480,322,802,1853,43.28%,523,241,14,5,783
Attorney General,0494,381,247,628,2467,25.46%,80,527,6,5,618
Attorney General,0495,522,523,1045,2375,44.00%,735,260,22,4,1021
Office,Precinct,Early Ballots Cast,Election Ballots Cast,Total Ballots Cast,Registered Voters,Percent Turnout,REP Ken Paxton,DEM Sam Houston,LIB Jamie Balagia,GRN Jamar Osborne,Totals
Attorney General,0496,190,315,505,2160,23.38%,206,278,7,4,495
Attorney General,0497,526,243,769,2257,34.07%,27,721,1,4,753
Attorney General,0498,363,323,585,2297,29.87%,302,348,16,6,672
Attorney General,0499,751,518,1269,2326,54.56%,908,318,17,5,1248
Attorney General,0500,729,715,1444,3507,41.17%,996,399,26,10,1431
Attorney General,0501,341,417,758,1801,42.09%,252,451,36,7,746
Attorney General,0502,477,350,827,2501,33.07%,677,127,7,6,817
Attorney General,0503,174,116,290,1374,21.11%,111,153,6,6,276
Attorney General,0504,624,527,1151,2288,50.31%,727,371,36,4,1138
Attorney General,0505,531,562,1193,3773,31.62%,531,603,27,13,1174
Attorney General,0506,665,670,1335,3502,38.12%,238,1036,12,19,1305
Attorney General,0507,221,149,370,2452,15.09%,70,230,6,3,309
Attorney General,0508,492,412,904,3287,27.50%,330,491,22,4,847
Attorney General,0509,754,596,1350,3732,36.17%,937,348,37,8,1330
Attorney General,0510,689,514,1203,3590,33.51%,572,564,37,11,1184
Attorney General,0511,0,0,0,0,0.00%,0,0,0,0,0
Attorney General,0512,602,660,1262,5057,24.96%,598,619,27,10,1254
Attorney General,0513,1019,487,1506,2894,52.04%,1134,326,24,2,1486
Attorney General,0514,954,720,1674,4275,39.16%,1252,363,37,7,1659
Attorney General,0515,943,683,1626,3455,47.06%,1305,266,28,5,1604
Attorney General,0516,1001,800,1801,5356,33.63%,958,766,32,14,1770
Attorney General,0517,482,256,738,2954,24.98%,413,299,14,7,733
Attorney General,0518,635,693,1328,3943,33.68%,868,411,29,5,1313
Attorney General,0519,623,493,1116,2966,37.63%,822,256,21,9,1108
Attorney General,0520,474,457,931,4580,20.33%,172,726,15,9,922
Attorney General,0521,471,464,935,2866,32.62%,498,392,21,8,919
Attorney General,0522,716,572,1288,2689,47.90%,961,278,32,3,1274
Attorney General,0523,751,415,1166,3052,38.20%,781,337,29,7,1154
Attorney General,0524,568,459,1027,3410,30.12%,337,648,12,4,1001
Attorney General,0525,707,482,1189,3091,38.47%,274,870,18,4,1166
Attorney General,0526,58,84,152,780,19.49%,44,93,4,2,143
Attorney General,0527,37,40,77,574,13.41%,42,30,4,1,77
Attorney General,0528,14,12,26,90,28.89%,2,23,1,0,26
Office,Precinct,Early Ballots Cast,Election Ballots Cast,Total Ballots Cast,Registered Voters,Percent Turnout,REP Ken Paxton,DEM Sam Houston,LIB Jamie Balagia,GRN Jamar Osborne,Totals
Attorney General,0529,1043,491,1534,3710,41.35%,1314,188,24,5,1511
Attorney General,0530,114,107,221,1198,18.48%,58,148,8,2,212
Attorney General,0531,383,174,537,1145,48.90%,421,103,5,1,530
Attorney General,0532,205,148,351,1048,33.49%,259,81,4,3,347
Attorney General,0533,124,108,232,1119,20.73%,134,82,8,3,225
Attorney General,0534,783,524,1,307,3837,34.08%,991,270,25,3,1289
Attorney General,0535,33,29,82,418,14.90%,28,30,2,1,81
Attorney General,0538,554,780,1,334,5139,25.98%,508,787,25,7,1307
Attorney General,0537,857,778,1835,3050,53.81%,1188,398,22,4,1810
Attorney General,0538,204,180,384,1,303,27.94%,4,338,4,10,358
Attorney General,0539,15,241,258,84,400.00%,89,187,8,1,245
Attorney General,0540,378,318,894,1587,44.29%,243,418,8,8,875
Attorney General,0541,789,505,1294,4599,28.14%,180,1051,25,17,1273
Attorney General,0542,380,382,742,2557,29.02%,51,881,5,5,722
Attorney General,0543,141,213,354,1585,22.82%,114,209,12,8,341
Attorney General,0544,38,41,77,310,24.84%,11,83,1,0,75
Attorney General,0545,598,820,1218,3829,33.51%,823,558,20,4,1203
Attorney General,0548,2,2,4,37,10.81%,1,1,1,1,4
Attorney General,0547,501,488,987,2408,40.19%,873,243,35,7,958
Attorney General,0548,288,293,579,2215,28.14%,304,250,12,3,589
Attorney General,0549,343,418,781,2883,28.58%,109,831,8,4,752
Attorney General,0550,501,431,932,3031,30.75%,528,389,17,7,919
Attorney General,0551,1288,1394,2882,7034,38.13%,1998,814,40,8,2858
Attorney General,0552,847,883,1730,3415,50.88%,1418,259,27,12,1718
Attorney General,0553,579,529,1108,4888,23.84%,502,559,23,7,1091
Attorney General,0554,281,199,480,1757,28.18%,90,328,7,8,431
Attorney General,0555,225,277,502,2219,22.82%,105,377,5,4,491
Attorney General,0558,278,188,482,2319,19.92%,137,298,9,8,450
Attorney General,0557,455,183,838,2830,22.54%,283,300,9,7,579
Attorney General,0558,894,483,1157,4380,28.42%,395,705,19,14,1133
Attorney General,0559,841,494,1135,4989,22.84%,331,753,20,11,1115
Attorney General,0580,72,131,203,1120,18.13%,55,135,4,1,195
Attorney General,0581,382,438,798,3084,28.04%,488,277,20,5,790
Office,Precinct,Early Ballots Cast,Election Ballots Cast,Total Ballots Cast,Registered Voters,Percent Turnout,REP Ken Paxton,DEM Sam Houston,LIB Jamie Balagia,GRN Jamar Osborne,Totals
Attorney General,0562,113,68,181,694,26.08%,25,149,4,1,179
Attorney General,0563,1108,376,1484,3105,47.79%,1146,283,30,10,1469
Attorney General,0564,471,426,897,3155,28.43%,228,616,30,6,880
Attorney General,0565,108,78,186,1354,13.74%,40,126,4,6,176
Attorney General,0566,418,324,742,2882,25.75%,219,477,26,10,732
Attorney General,0567,301,193,494,2238,22.07%,155,293,9,7,464
Attorney General,0568,876,685,1561,3594,43.43%,1004,487,36,8,1535
Attorney General,0569,575,667,1242,3525,35.23%,645,530,31,11,1217
Attorney General,0570,239,210,449,1562,28.75%,152,270,11,7,440
Attorney General,0571,155,149,304,1827,16.64%,116,172,1,6,295
Attorney General,0572,556,375,931,3108,29.95%,469,438,16,2,925
Attorney General,0573,290,151,441,1619,27.24%,6,426,3,2,437
Attorney General,0574,31,42,73,402,18.16%,9,62,1,1,73
Attorney General,0575,13,11,24,74,32.43%,19,3,0,1,23
Attorney General,0576,485,318,804,2734,29.41%,23,761,6,5,795
Attorney General,0577,148,88,236,608,38.82%,138,88,3,1,230
Attorney General,0578,409,538,947,1799,52.64%,564,351,19,4,938
Attorney General,0579,76,101,177,1056,16.76%,33,130,5,4,172
Attorney General,0580,179,118,297,1031,28.81%,4,283,1,1,289
Attorney General,0581,212,174,386,1032,37.40%,8,370,1,2,381
Attorney General,0582,258,171,429,1588,27.02%,25,390,2,3,420
Attorney General,0583,225,131,356,1262,28.21%,12,332,3,4,351
Attorney General,0584,182,93,275,1014,27.12%,9,259,2,1,271
Attorney General,0585,417,172,589,2511,23.46%,15,560,2,4,581
Attorney General,0586,638,680,1318,4316,30.54%,794,465,32,9,1300
Attorney General,0587,439,284,723,2598,27.83%,286,418,13,3,720
Attorney General,0588,758,674,1432,3645,39.29%,1010,366,39,4,1419
Attorney General,0589,500,386,886,3420,25.91%,486,351,24,9,870
Attorney General,0590,773,399,1172,2162,54.21%,887,251,17,2,1157
Attorney General,0591,183,231,414,2121,19.52%,119,262,13,6,400
Attorney General,0592,133,157,290,1350,21.48%,79,198,6,3,286
Attorney General,0593,544,564,1108,4380,25.30%,542,519,18,13,1092
Attorney General,0594,551,325,887,2490,35.62%,245,618,8,7,878
Office,Precinct,Early Ballots Cast,Election Ballots Cast,Total Ballots Cast,Registered Voters,Percent Turnout,REP Ken Paxton,DEM Sam Houston,LIB Jamie Balagia,GRN Jamar Osborne,Totals
Attorney General,0595,201,178,379,1693,22.39%,67,300,1,4,372
Attorney General,0596,441,348,789,3007,26.24%,428,318,21,10,777
Attorney General,0597,367,394,761,3653,20.83%,320,414,13,7,754
Attorney General,0598,195,57,252,728,34.62%,201,42,6,0,249
Attorney General,0599,850,578,1428,4950,28.85%,512,867,20,10,1409
Attorney General,0600,667,429,1096,3957,27.70%,447,596,21,7,1071
Attorney General,0601,1074,756,1830,4057,45.11%,1378,388,35,9,1810
Attorney General,0602,293,235,528,1326,39.82%,382,131,10,4,527
Attorney General,0603,884,794,1678,4843,34.65%,1038,560,47,12,1657
Attorney General,0604,702,518,1220,3005,40.60%,1011,175,18,3,1207
Attorney General,0605,907,556,1463,5582,26.21%,366,1045,18,9,1438
Attorney General,0606,176,70,246,937,26.25%,4,237,0,1,242
Attorney General,0607,62,51,113,728,15.52%,13,95,2,0,110
Attorney General,0608,31,47,78,537,14.53%,43,28,0,1,72
Attorney General,0609,557,680,1347,3384,39.80%,838,456,22,7,1323
Attorney General,0610,231,188,419,1927,21.74%,217,180,6,2,405
Attorney General,0611,495,242,737,2488,29.62%,27,688,2,7,724
Attorney General,0612,996,497,1493,3307,45.15%,1119,312,28,10,1469
Attorney General,0613,186,204,390,1554,25.10%,69,311,5,2,387
Attorney General,0614,737,566,1303,4207,30.97%,494,764,15,9,1282
Attorney General,0615,480,299,779,1967,39.60%,486,268,16,4,774
Attorney General,0616,739,663,1402,3436,40.80%,967,376,32,5,1380
Attorney General,0617,541,393,934,3809,24.52%,381,517,20,9,927
Attorney General,0618,946,567,1513,6003,25.20%,754,699,31,9,1493
Attorney General,0619,1219,803,2022,4297,47.06%,1471,452,60,12,1995
Attorney General,0620,689,264,953,2897,32.90%,587,341,9,5,942
Attorney General,0621,154,101,255,1133,22.51%,132,110,7,4,253
Attorney General,0622,881,524,1405,4403,31.91,%,857,493,26,7,1383
Attorney General,0623,887,487,1374,3691,37.23%,936,395,18,5,1354
Attorney General,0624,1,1,2,3,66.67%,1,1,0,0,2
Attorney General,0625,477,362,839,1820,46.10%,470,333,15,7,825
Attorney General,0626,581,440,1021,2861,35.69%,567,411,19,8,1005
Attorney General,0627,346,322,668,3049,21.91%,240,391,9,10,650
Office,Precinct,Early Ballots Cast,Election Ballots Cast,Total Ballots Cast,Registered Voters,Percent Turnout,REP Ken Paxton,DEM Sam Houston,LIB Jamie Balagia,GRN Jamar Osborne,Totals
Attorney General,0628,152,219,371,1675,22.15%,188,168,7,2,365
Attorney General,0629,37,53,90,696,12.93%,18,72,0,0,90
Attorney General,0630,975,600,1576,3905,40.36%,114,1399,22,15,1550
Attorney General,0631,822,404,1226,2846,43.08%,887,303,16,8,1214
Attorney General,0632,7,4,11,343,3.21%,2,8,1,0,11
Attorney General,0633,945,731,1676,3559,47.09%,1170,453,27,10,1660
Attorney General,0634,458,442,900,3029,29.71%,588,272,26,7,893
Attorney General,0635,743,485,1228,3393,36.19%,896,280,31,10,1217
Attorney General,0636,836,874,1710,4140,41.30%,1480,200,17,4,1701
Attorney General,0637,409,362,771,2512,30.69%,193,527,16,8,744
Attorney General,0638,304,245,549,2204,24.91%,42,485,5,4,536
Attorney General,0639,549,547,1096,2526,43.39%,867,185,32,2,1086
Attorney General,0640,641,459,1100,3733,29.47%,687,375,25,5,1092
Attorney General,0641,649,596,1245,3650,34.11%,828,378,21,9,1236
Attorney General,0642,472,394,866,1764,49.09%,695,148,10,2,855
Attorney General,0643,934,653,1587,5945,26.69%,613,909,29,8,1559
Attorney General,0644,1020,823,1843,5523,33.37%,1205,552,41,13,1811
Attorney General,0645,655,594,1249,4185,29.84%,657,529,32,12,1230
Attorney General,0646,364,287,651,2220,29.32%,208,401,6,6,621
Attorney General,0647,904,470,1374,6084,22.58%,388,870,16,8,1282
Attorney General,0648,838,579,1417,3367,42.08%,1006,368,23,5,1402
Attorney General,0649,687,434,1121,4576,24.50%,368,684,22,12,1086
Attorney General,0650,906,766,1672,3888,43.00%,1190,429,26,5,1650
Attorney General,0651,963,766,1729,5128,33.72%,1096,563,33,10,1702
Attorney General,0652,467,515,982,2815,34.88%,168,775,8,8,959
Attorney General,0653,0,4,4,0,0.00%,0,4,0,0,4
Attorney General,0654,950,1005,1955,6208,31.49%,1080,814,33,8,1935
Attorney General,0655,1116,1079,2195,6855,32.02%,1338,751,64,12,2165
Attorney General,0656,579,393,972,2674,36.35%,38,909,7,5,959
Attorney General,0657,247,172,419,1292,32.43%,176,234,4,2,416
Attorney General,0658,540,426,966,2807,34.41%,618,324,12,3,957
Attorney General,0659,1150,788,1938,4856,39.91%,1372,497,37,13,1919
Attorney General,0660,950,825,1775,5372,33.04%,168,1562,7,19,1756
Office,Precinct,Early Ballots Cast,Election Ballots Cast,Total Ballots Cast,Registered Voters,Percent Turnout,REP Ken Paxton,DEM Sam Houston,LIB Jamie Balagia,GRN Jamar Osborne,Totals
Attorney General,0661,675,765,1440,4567,31.53%,825,548,29,15,1417
Attorney General,0662,1148,890,2038,4874,41.81%,1642,347,22,5,2016
Attorney General,0663,719,797,1516,3346,45.31%,733,706,36,14,1489
Attorney General,0664,352,250,602,2869,20.98%,128,440,11,5,584
Attorney General,0665,484,348,832,2154,38.63%,703,97,18,5,823
Attorney General,0666,0,0,0,0,0.00%,0,0,0,0,0
Attorney General,0667,488,502,990,2149,46.07%,761,202,20,1,984
Attorney General,0668,399,509,908,2775,32.72%,573,295,27,4,899
Attorney General,0669,850,738,1588,3425,46.36%,1118,417,23,10,1568
Attorney General,0670,957,471,1428,2983,47.87%,1110,270,32,6,1418
Attorney General,0671,403,565,968,3037,31.87%,589,338,22,8,957
Attorney General,0672,960,862,1822,5706,31.93%,1235,521,34,7,1797
Attorney General,0673,729,516,1245,2995,41.57%,983,223,19,8,1233
Attorney General,0674,1071,618,1689,4091,41.29%,1249,379,25,12,1665
Attorney General,0675,0,1,1,0,0.00%,1,0,0,0,1
Attorney General,0676,0,0,0,0,0.00%,0,0,0,0,0
Attorney General,0677,127,127,254,1266,20.06%,98,147,2,2,249
Attorney General,0678,166,108,274,735,37.28%,171,88,11,1,271
Attorney General,0679,635,520,1155,3381,34.16%,875,240,15,5,1135
Attorney General,0680,21,14,35,162,21.60%,13,20,0,2,35
Attorney General,0681,1,0,1,5,20.00%,1,0,0,0,1
Attorney General,0682,711,654,1365,4216,32.38%,1010,309,23,5,1347
Attorney General,0683,29,20,49,276,17.75%,10,33,3,1,47
Attorney General,0684,28,22,50,223,22.42%,25,23,1,0,49
Attorney General,0685,110,29,139,307,45.28%,65,69,1,1,136
Attorney General,0686,17,12,29,208,13.94%,8,18,3,0,29
Attorney General,0687,549,537,1086,2609,41.63%,744,297,23,6,1070
Attorney General,0688,999,617,1616,3504,46.12%,1300,279,14,9,1602
Attorney General,0689,211,387,598,2346,25.49%,305,265,15,3,588
Attorney General,0690,926,1104,2030,5102,39.79%,1635,327,46,6,2014
Attorney General,0691,2,5,7,25,28.00%,3,4,0,0,7
Attorney General,0692,444,548,992,2847,34.84%,737,214,25,8,984
Attorney General,0693,167,91,258,666,38.74%,68,172,10,3,253
Office,Precinct,Early Ballots Cast,Election Ballots Cast,Total Ballots Cast,Registered Voters,Percent Turnout,REP Ken Paxton,DEM Sam Houston,LIB Jamie Balagia,GRN Jamar Osborne,Totals
Attorney General,0694,250,120,380,845,44.97%,248,114,9,1,372
Attorney General,0695,232,193,425,1724,24.65%,275,131,4,5,415
Attorney General,0696,251,207,468,1982,23.61%,294,153,14,1,462
Attorney General,0697,605,613,1218,4413,27.60%,312,858,12,16,1198
Attorney General,0698,448,489,937,3189,29.38%,99,800,12,8,919
Attorney General,0699,568,414,982,2343,41.91,%,639,306,13,4,962
Attorney General,0700,255,251,506,1371,36.91%,427,62,6,3,498
Attorney General,0701,56,43,99,588,16.84%,65,30,2,0,97
Attorney General,0702,54,70,134,539,24.86%,19,111,0,1,131
Attorney General,0703,372,490,862,1882,45.80%,611,212,21,7,851
Attorney General,0704,569,599,1168,3064,38.12%,942,195,17,3,1157
Attorney General,0705,114,113,227,1523,14.90%,34,183,2,3,222
Attorney General,0706,115,71,186,610,30.49%,95,85,2,2,184
Attorney General,0707,153,86,239,707,33.80%,149,76,6,2,233
Attorney General,0708,54,52,106,563,18.83%,52,47,2,2,103
Attorney General,0709,1375,947,2322,6848,33.91%,1392,855,46,11,2304
Attorney General,0710,371,462,833,2082,40.01%,440,346,23,4,813
Attorney General,0711,703,506,1209,3484,34.70%,725,436,28,10,1199
Attorney General,0712,491,463,954,3670,25.99%,407,511,16,10,944
Attorney General,0713,228,252,490,1907,25.69%,251,223,10,2,486
Attorney General,0714,35,19,55,296,18.58%,32,20,2,0,54
Attorney General,0715,175,187,363,1408,25.78%,212,139,4,2,357
Attorney General,0716,449,407,856,2680,31.94%,603,227,17,5,852
Attorney General,0717,373,250,623,2002,31.12%,82,524,3,6,515
Attorney General,0718,1017,806,1823,4229,43.11%,1261,483,43,2,1789
Attorney General,0719,247,137,384,1589,24.17%,230,140,5,3,378
Attorney General,0720,995,780,1775,4282,41.45%,1307,397,37,7,1748
Attorney General,0721,754,532,1286,2870,44.81%,833,413,19,4,1269
Attorney General,0722,873,494,1367,4479,30.52%,102,1215,11,11,1339
Attorney General,0723,401,202,603,1858,32.45%,131,449,6,4,590
Attorney General,0724,151,128,279,766,36.42%,213,60,2,1,276
Attorney General,0725,423,237,660,2237,29.50%,310,328,7,6,651
Attorney General,0726,592,402,994,2087,47.63%,858,109,17,2,986
Office,Precinct,Early Ballots Cast,Election Ballots Cast,Total Ballots Cast,Registered Voters,Percent Turnout,REP Ken Paxton,DEM Sam Houston,LIB Jamie Balagia,GRN Jamar Osborne,Totals
Attorney General,0727,338,290,628,2488,25.24%,201,381,20,8,610
Attorney General,0728,209,151,360,880,40.91%,218,124,9,2,353
Attorney General,0729,136,59,195,464,42.03%,119,73,2,1,195
Attorney General,0730,428,359,787,1747,45.05%,502,253,10,4,769
Attorney General,0731,58,27,85,352,24.15%,25,59,1,0,85
Attorney General,0732,441,324,765,1924,39.76%,467,252,27,6,752
Attorney General,0733,13,7,20,215,9.30%,8,10,1,0,19
Attorney General,0734,1558,962,2520,7005,35.97%,1727,712,44,14,2497
Attorney General,0735,8,0,8,18,33.33%,6,0,0,0,6
Attorney General,0736,3,1,4,22,18.18%,0,3,0,1,4
Attorney General,0737,11,7,18,51,35.29%,13,4,0,1,18
Attorney General,0738,139,100,239,1361,17.56%,46,178,5,1,230
Attorney General,0739,353,301,654,2955,22.13%,340,276,16,6,638
Attorney General,0740,96,98,194,939,20.66%,128,55,2,4,189
Attorney General,0741,0,1,1,0,0.00%,0,1,0,0,1
Attorney General,0742,0,11,11,0,0.00%,6,5,0,0,11
Attorney General,0743,15,18,33,210,15.71%,17,10,2,1,30
Attorney General,0744,456,392,848,2027,41.84%,522,290,18,4,834
Attorney General,0745,683,372,1055,2494,42.30%,633,380,19,5,1037
Attorney General,0746,114,77,191,691,27.64%,88,93,3,5,189
Attorney General,0747,551,467,1018,3743,27.20%,473,481,36,14,1004
Attorney General,0748,172,140,312,1403,22.24%,160,136,12,2,310
Attorney General,0749,30,17,47,377,12.47%,8,38,0,0,46
Attorney General,0750,111,96,207,767,26.99%,123,74,6,3,206
Attorney General,0751,925,964,1889,5084,37.16%,1244,556,48,14,1862
Attorney General,0752,286,200,486,1483,32.77%,367,101,10,1,479
Attorney General,0753,55,73,128,259,49.42%,79,41,5,0,125
Attorney General,0754,0,0,0,0,0.00%,0,0,0,0,0
Attorney General,0755,442,584,1026,4294,23.89%,452,525,24,7,1008
Attorney General,0756,251,177,428,1600,26.75%,171,243,8,1,423
Attorney General,0757,520,508,1028,4035,25.48%,182,810,7,14,1013
Attorney General,0758,1114,692,1806,4096,44.09%,1405,332,38,10,1785
Attorney General,0759,465,413,878,2730,32.16%,550,291,19,6,866
Office,Precinct,Early Ballots Cast,Election Ballots Cast,Total Ballots Cast,Registered Voters,Percent Turnout,REP Ken Paxton,DEM Sam Houston,LIB Jamie Balagia,GRN Jamar Osborne,Totals
Attorney General,0760,1432,639,2071,4367,47.42%,1706,314,27,6,2053
Attorney General,0761,548,253,801,1550,51.68%,545,224,18,2,789
Attorney General,0762,0,0,0,0,0.00%,0,0,0,0,0
Attorney General,0763,108,146,254,1212,20.96%,100,133,10,2,245
Attorney General,0764,1133,774,1907,5217,36.55%,1187,667,27,8,1889
Attorney General,0765,848,426,1074,4055,26.49%,435,569,35,12,1051
Attorney General,0766,40,25,65,392,16.58%,14,47,1,0,62
Attorney General,0767,10,2,12,86,13.95%,6,6,0,0,12
Attorney General,0768,1359,1015,2374,5857,40.53%,1923,389,36,6,2354
Attorney General,0769,54,16,70,183,38.25%,4,63,0,0,67
Attorney General,0770,31,25,56,323,17.34%,27,26,1,0,54
Attorney General,0771,324,254,578,2426,23.83%,323,220,16,8,567
Attorney General,0772,1792,851,2643,5709,46.30%,1991,556,54,6,2607
Attorney General,0773,473,312,785,2918,26.90%,223,495,11,8,737
Attorney General,0774,30,41,71,378,18.78%,15,53,2,0,70
Attorney General,0775,18,3,21,92,22.83%,1,19,1,0,21
Attorney General,0776,551,496,1047,3053,34.29%,613,378,34,6,1031
Attorney General,0777,48,40,86,652,13.19%,33,50,2,0,85
Attorney General,0778,0,0,0,0,0.00%,0,0,0,0,0
Attorney General,0779,64,51,115,940,12.23%,41,68,1,1,111
Attorney General,0780,83,59,122,595,20.50%,71,48,1,2,122
Attorney General,0781,666,273,939,3603,26.06%,407,432,18,9,866
Attorney General,0782,368,370,738,2236,33.01%,456,252,18,3,729
Attorney General,0783,49,13,62,294,21.09%,46,14,0,1,61
Attorney General,0784,208,128,336,1079,31.14%,8,315,1,2,326
Attorney General,0785,28,25,53,296,17.91%,28,23,1,1,53
Attorney General,0786,100,98,198,1251,15.83%,71,116,5,1,193
Attorney General,0787,48,52,98,488,20.08%,34,58,3,0,95
Attorney General,0788,74,32,106,454,23.35%,47,54,3,2,106
Attorney General,0789,0,3,3,3,100.00%,0,3,0,0,3
Attorney General,0790,0,0,0,3,0.00%,0,0,0,0,0
Attorney General,0791,0,0,0,0,0.00%,0,0,0,0,0
Attorney General,0792,269,239,508,1865,27.24%,129,355,5,5,494
Office,Precinct,Early Ballots Cast,Election Ballots Cast,Total Ballots Cast,Registered Voters,Percent Turnout,REP Ken Paxton,DEM Sam Houston,LIB Jamie Balagia,GRN Jamar Osborne,Totals
Attorney General,0793,448,247,695,2484,27.98%,409,249,23,4,685
Attorney General,0794,124,144,268,2710,9.89%,31,222,5,2,260
Attorney General,0795,90,125,215,1217,17.67%,78,123,5,1,207
Attorney General,0796,83,51,134,476,28.15%,76,54,0,1,131
Attorney General,0797,0,0,0,0,0.00%,0,0,0,0,0
Attorney General,0798,99,111,210,500,42.00%,79,118,2,5,204
Attorney General,0799,28,15,43,161,26.71%,9,33,1,0,43
Attorney General,0800,588,642,1230,2932,41.95%,834,358,15,4,1211
Attorney General,0801,32,14,46,258,17.83%,15,29,0,1,45
Attorney General,0802,51,27,78,312,25.00%,15,55,4,3,77
Attorney General,0803,725,511,1236,2893,42.72%,898,293,23,7,1221
Attorney General,0804,933,591,1524,4768,31.96%,949,508,38,12,1507
Attorney General,0805,765,533,1298,2866,45.29%,1038,219,23,6,1286
Attorney General,0806,0,0,0,0,0.00%,0,0,0,0,0
Attorney General,0807,211,204,415,2028,20.46%,101,289,14,5,409
Attorney General,0808,12,17,29,131,22.14%,7,21,0,1,29
Attorney General,0809,7,6,13,92,14.13%,6,6,0,0,12
Attorney General,0810,9,16,25,211,11.85%,8,16,0,0,24
Attorney General,0811,29,50,79,270,29.26%,25,48,3,0,76
Attorney General,0812,0,0,0,0,0.00%,0,0,0,0,0
Attorney General,0813,938,761,1699,5807,29.26%,826,801,40,13,1680
Attorney General,0814,673,533,1206,5102,23.64%,295,846,25,13,1179
Attorney General,0815,0,0,0,0,0.00%,0,0,0,0,0
Attorney General,0816,10,0,10,73,13.70%,3,7,0,0,10
Attorney General,0817,0,0,0,0,0.00%,0,0,0,0,0
Attorney General,0818,86,39,125,616,20.29%,31,89,0,3,123
Attorney General,0819,64,30,94,240,39.17%,50,35,3,1,89
Attorney General,0820,0,0,0,0,0.00%,0,0,0,0,0
Attorney General,0821,124,120,244,1242,19.65%,32,200,1,4,237
Attorney General,0822,332,167,499,1535,32.51%,19,469,2,2,492
Attorney General,0823,821,564,1385,5087,27.23%,788,552,24,9,1373
Attorney General,0824,428,282,710,2700,26.30%,157,525,11,4,697
Attorney General,0825,0,0,0,0,0.00%,0,0,0,0,0
Office,Precinct,Early Ballots Cast,Election Ballots Cast,Total Ballots Cast,Registered Voters,Percent Turnout,REP Ken Paxton,DEM Sam Houston,LIB Jamie Balagia,GRN Jamar Osborne,Totals
Attorney General,0826,73,50,123,358,34.36%,60,61,1,0,122
Attorney General,0827,60,98,158,979,16.14%,65,81,6,4,156
Attorney General,0828,541,388,929,1916,48.49%,745,157,19,3,924
Attorney General,0829,54,22,76,264,28.79%,17,55,3,1,76
Attorney General,0830,0,0,0,2,0.00%,0,0,0,0,0
Attorney General,0831,0,0,0,0,0.00%,0,0,0,0,0
Attorney General,0832,34,28,62,352,17.61%,17,42,1,1,61
Attorney General,0833,0,1,1,20,5.00%,0,1,0,0,1
Attorney General,0834,0,0,0,0,0.00%,0,0,0,0,0
Attorney General,0835,38,19,57,290,19.66%,14,40,0,0,54
Attorney General,0836,3,0,3,19,15.79%,2,1,0,0,3
Attorney General,0837,0,0,0,0,0.00%,0,0,0,0,0
Attorney General,0838,0,0,0,0,0.00%,0,0,0,0,0
Attorney General,0839,136,118,254,1128,22.52%,45,186,19,1,251
Attorney General,0840,381,174,555,1705,32.55%,200,339,7,2,548
Attorney General,0841,0,0,0,0,0.00%,0,0,0,0,0
Attorney General,0842,421,434,855,3259,26.24%,398,419,12,9,838
Attorney General,0843,0,1,1,0,0.00%,0,1,0,0,1
Attorney General,0844,1,0,1,11,9.09%,0,1,0,0,1
Attorney General,0845,54,9,63,134,47.01%,40,21,0,0,61
Attorney General,0846,23,24,47,229,20.52%,3,43,1,0,47
Attorney General,0847,306,211,517,2015,25.66%,139,354,10,5,508
Attorney General,0848,489,266,755,1856,40.68%,224,504,6,4,738
Attorney General,0849,201,291,492,2124,23.16%,185,271,19,5,480
Attorney General,0850,45,41,87,210,41.43%,33,49,0,2,84
Attorney General,0851,1029,657,1686,4709,35.80%,1129,487,29,13,1658
Attorney General,0852,0,0,0,1,0.00%,0,0,0,0,0
Attorney General,0853,575,620,1296,2882,44.97%,984,273,15,6,1278
Attorney General,0854,15,26,41,172,23.84%,7,32,1,0,40
Attorney General,0855,5,9,14,16,87.50%,3,10,0,1,14
Attorney General,0856,0,1,1,0,0.00%,0,1,0,0,1
Attorney General,0857,0,0,0,1,0.00%,0,0,0,0,0
Attorney General,0858,63,34,97,343,28.28%,5,91,0,0,96
Office,Precinct,Early Ballots Cast,Election Ballots Cast,Total Ballots Cast,Registered Voters,Percent Turnout,REP Ken Paxton,DEM Sam Houston,LIB Jamie Balagia,GRN Jamar Osborne,Totals
Attorney General,0859,157,106,263,890,29.55%,67,185,6,1,259
Attorney General,0860,0,0,0,0,0.00%,0,0,0,0,0
Attorney General,0861,315,199,514,1842,27.90%,86,417,6,1,510
Attorney General,0862,0,0,0,0,0.00%,0,0,0,0,0
Attorney General,0863,101,54,155,584,26.54%,8,146,0,0,154
Attorney General,0864,193,299,492,2569,19.15%,140,327,8,4,479
Attorney General,0865,2,3,5,21,23.81,%,0,5,0,0,5
Attorney General,0866,0,0,0,0,0.00%,0,0,0,0,0
Attorney General,0867,0,0,0,0,0.00%,0,0,0,0,0
Attorney General,0868,236,271,507,2326,21.80%,165,317,9,2,493
Attorney General,0869,53,39,92,470,19.57%,19,69,2,0,90
Attorney General,0870,0,0,0,0,0.00%,0,0,0,0,0
Attorney General,0871,1,0,1,3,33.33%,0,1,0,0,1
Attorney General,0872,5,3,8,59,13.56%,4,4,0,0,8
Attorney General,0873,98,75,173,737,23.4,7%,41,125,4,0,170
Attorney General,0874,764,707,1471,3223,45.64%,1092,321,34,8,1455
Attorney General,0875,905,527,1432,5147,27.82%,701,680,27,7,1415
Attorney General,0876,698,641,1339,3265,41.01%,1013,295,15,8,1331
Attorney General,0877,476,382,858,3032,28.30%,346,475,20,5,846
Attorney General,0878,428,354,782,1666,46.94%,637,114,16,7,774
Attorney General,0879,407,294,701,2667,26.28%,350,310,19,5,684
Attorney General,0880,543,447,990,2352,42.09%,793,165,14,7,979
Attorney General,0881,596,540,1136,4479,25.36%,391,701,21,8,1121
Attorney General,0882,426,291,717,2422,29.60%,426,258,18,5,707
Attorney General,0883,643,702,1345,5408,24.87%,240,1053,19,16,1328
Attorney General,0884,57,25,82,377,21.75%,9,70,0,1,80
Attorney General,0885,552,368,930,2619,35.51%,544,355,19,7,925
Attorney General,0886,128,108,236,675,34.96%,123,104,7,1,235
Attorney General,0887,51,67,118,418,28.23%,59,54,5,0,118
Attorney General,0888,0,3,3,0,0.00%,2,1,0,0,3
Attorney General,0889,14,0,14,57,24.56%,5,9,0,0,14
Attorney General,0890,164,103,267,1095,24.38%,75,174,12,1,262
Attorney General,0891,319,243,562,1331,42.22%,195,339,11,2,547
Office,Precinct,Early Ballots Cast,Election Ballots Cast,Total Ballots Cast,Registered Voters,Percent Turnout,REP Ken Paxton,DEM Sam Houston,LIB Jamie Balagia,GRN Jamar Osborne,Totals
Attorney General,0892,115,86,201,808,24.88%,65,121,12,2,200
Attorney General,0893,0,2,2,6,33.33%,0,2,0,0,2
Attorney General,0894,0,3,3,0,0.00%,2,1,0,0,3
Attorney General,0895,156,286,442,793,55.74%,143,273,7,4,427
Attorney General,0896,370,297,667,1459,45.72%,217,409,19,8,653
Attorney General,0897,253,297,550,1701,32.33%,312,219,11,3,545
Attorney General,0898,0,0,0,3,0.00%,0,0,0,0,0
Attorney General,0899,2,0,2,8,25.00%,0,2,0,0,2
Attorney General,0900,0,2,2,10,20.00%,1,1,0,0,2
Attorney General,0901,0,0,0,0,0.00%,0,0,0,0,0
Attorney General,0902,396,486,882,2139,41.23%,455,369,32,8,864
Attorney General,0903,3,7,10,50,20.00%,3,4,2,0,9
Attorney General,0904,1,0,1,7,14.29%,0,1,0,0,1
Attorney General,0905,123,100,223,904,24.67%,98,114,4,1,217
Attorney General,0906,8,6,14,25,56.00%,6,8,0,0,14
Attorney General,0907,12,19,31,181,17.13%,7,24,0,0,31
Attorney General,0908,0,1,1,0,0.00%,0,1,0,0,1
Attorney General,0909,2,1,3,18,16.67%,0,3,0,0,3
Attorney General,0910,25,24,49,217,22.58%,17,24,3,1,45
Attorney General,0911,118,60,178,551,32.30%,119,54,3,1,177
Attorney General,0912,316,201,517,1273,40.61%,338,155,14,1,508
Attorney General,0913,0,0,0,0,0.00%,0,0,0,0,0
Attorney General,0914,169,179,348,701,49.64%,274,59,11,1,345
Attorney General,0915,0,0,0,0,0.00%,0,0,0,0,0
Attorney General,0916,417,240,657,1491,44.06%,521,113,8,3,645
Attorney General,0917,177,62,239,483,49.48%,157,69,10,1,237
Attorney General,0918,304,168,472,883,53.45%,350,114,4,2,470
Attorney General,0919,0,0,0,3,0.00%,0,0,0,0,0
Attorney General,0920,22,12,34,71,47.89%,24,9,1,0,34
Attorney General,0921,32,15,47,119,39.50%,33,11,3,0,47
Attorney General,0922,0,0,0,0,0.00%,0,0,0,0,0
Attorney General,0923,470,137,607,1511,40.17%,455,142,6,0,603
Attorney General,0924,0,0,0,0,0.00%,0,0,0,0,0
Office,Precinct,Early Ballots Cast,Election Ballots Cast,Total Ballots Cast,Registered Voters,Percent Turnout,REP Ken Paxton,DEM Sam Houston,LIB Jamie Balagia,GRN Jamar Osborne,Totals
Attorney General,0925,0,0,0,0,0.00%,0,0,0,0,0
Attorney General,0926,171,128,299,796,37.56%,222,72,4,1,299
Attorney General,0927,44,30,74,270,27.41%,31,41,2,0,74
Attorney General,0928,3,0,3,8,37.50%,0,3,0,0,3
Attorney General,0929,0,0,0,0,0.00%,0,0,0,0,0
Attorney General,0930,109,54,163,584,27.91%,6,154,1,2,163
Attorney General,0931,30,40,70,130,53.85%,33,33,2,0,68
Attorney General,0932,0,0,0,0,0.00%,0,0,0,0,0
Attorney General,0933,115,85,200,627,31.90%,51,135,6,6,198
Attorney General,0934,2,0,2,63,3.17%,1,1,0,0,2
Attorney General,0935,3,2,5,54,9.26%,2,2,0,1,5
Attorney General,0936,8,2,10,81,12.35%,3,6,0,0,9
Attorney General,0937,0,0,0,0,0.00%,0,0,0,0,0
Attorney General,0938,30,14,44,231,19.05%,12,29,1,0,42
Attorney General,0939,0,0,0,2,0.00%,0,0,0,0,0
Attorney General,0940,0,0,0,10,0.00%,0,0,0,0,0
Attorney General,0941,9,10,19,25,76.00%,16,3,0,0,19
Attorney General,0942,53,27,80,156,51.28%,58,16,3,2,79
Attorney General,0943,166,80,246,547,44.97%,154,85,2,0,241
Attorney General,0944,20,4,24,45,53.33%,21,2,0,0,23
Attorney General,0945,1,2,3,17,17.65%,1,2,0,0,3
Attorney General,0946,0,1,1,13,7.69%,0,1,0,0,1
Attorney General,0947,177,246,423,799,52.94%,206,196,11,6,419
Attorney General,0948,0,14,14,1,1400.00%,10,2,0,0,12
Attorney General,0949,34,27,61,193,31.61%,31,28,1,1,61
Attorney General,0950,0,0,0,1,0.00%,0,0,0,0,0
Attorney General,0951,33,30,63,277,22.74%,15,48,0,0,63
Attorney General,0952,18,15,33,71,46.48%,16,14,2,0,32
Attorney General,0953,18,9,27,275,9.82%,5,21,1,0,27
Attorney General,0954,0,0,0,1,0.00%,0,0,0,0,0
Attorney General,0955,3,2,5,19,26.32%,4,1,0,0,5
Attorney General,0956,2,4,6,11,54.55%,2,4,0,0,6
Attorney General,0957,97,95,192,562,34.16%,23,166,2,0,191
Office,Precinct,Early Ballots Cast,Election Ballots Cast,Total Ballots Cast,Registered Voters,Percent Turnout,REP Ken Paxton,DEM Sam Houston,LIB Jamie Balagia,GRN Jamar Osborne,Totals
Attorney General,0958,81,129,210,1081,19.43%,50,152,4,0,206
Attorney General,0959,0,0,0,0,0.00%,0,0,0,0,0
Attorney General,0960,196,157,353,976,36.17%,70,267,9,3,349
Attorney General,0961,16,0,16,56,28.57%,0,15,1,0,16
Attorney General,0962,10,17,27,88,30.68%,3,22,2,0,27
Attorney General,0963,64,41,105,426,24.65%,57,43,1,3,104
Attorney General,0964,568,437,1005,2372,42.37%,617,360,13,5,995
Attorney General,0965,31,21,52,343,15.16%,27,21,1,3,52
Attorney General,0966,129,83,212,1148,18.47%,75,128,5,1,209
Attorney General,0967,15,48,63,165,38.18%,17,44,1,0,62
Attorney General,0968,119,30,149,692,21.53%,29,115,2,1,147
Attorney General,0969,156,73,229,604,37.91%,1,219,4,1,225
Attorney General,0970,83,36,119,731,16.28%,18,98,0,1,117
Attorney General,0971,11,8,19,147,12.93%,1,15,1,0,17
Attorney General,0972,6,8,14,31,45.16%,12,1,1,0,14
Attorney General,0973,24,19,43,111,38.74%,19,22,0,0,41
Attorney General,0974,57,36,93,299,31.10%,56,36,1,0,93
Attorney General,0975,55,30,85,193,44.04%,41,41,2,1,85
Attorney General,0976,68,62,130,683,19.03%,83,44,3,0,130
Attorney General,0977,50,43,93,572,16.26%,38,50,1,3,92
Attorney General,0978,77,79,156,546,28.57%,31,120,1,2,154
Attorney General,0979,2,6,8,27,29.63%,6,2,0,0,8
Attorney General,0980,280,321,601,1389,43.27%,449,137,6,1,593
Attorney General,0981,0,0,0,0,0.00%,0,0,0,0,0
Attorney General,0982,312,312,624,1567,39.82%,506,100,9,4,619
Attorney General,0983,12,21,33,161,20.50%,20,12,1,0,33
Attorney General,0984,18,9,27,192,14.06%,4,22,0,0,26
Attorney General,0985,117,63,180,351,51.28%,87,83,6,1,177
Attorney General,0986,43,30,73,463,15.77%,11,59,2,0,72
Attorney General,0987,231,90,321,1155,27.79%,29,281,2,4,316
Attorney General,0988,24,12,36,123,29.27%,33,3,0,0,36
Attorney General,0989,6,6,12,43,27.91%,7,4,1,0,12
Attorney General,0990,16,1,17,140,12.14%,7,8,1,0,16
Office,Precinct,Early Ballots Cast,Election Ballots Cast,Total Ballots Cast,Registered Voters,Percent Turnout,REP Ken Paxton,DEM Sam Houston,LIB Jamie Balagia,GRN Jamar Osborne,Totals
Attorney General,0991,0,0,0,1,0.00%,0,0,0,0,0
Attorney General,0992,157,107,264,1048,25.19%,142,103,10,3,258
Attorney General,0993,159,101,270,568,47.54%,221,39,5,3,268
Attorney General,0994,e,5,11,25,44.00%,2,9,0,0,11
Attorney General,0995,296,156,452,1393,32.45%,30,411,6,0,447
Attorney General,0996,136,140,276,694,39.77%,148,111,6,4,269
Attorney General,0997,101,163,264,1656,15.94%,56,198,7,3,264
Attorney General,0998,5,1,6,57,10.53%,3,3,0,0,6
Attorney General,0999,17,10,27,68,39.71%,22,4,0,0,26
Attorney General,1000,42,6,48,405,11.85%,12,33,0,0,45
Attorney General,1001,228,136,364,1565,23.26%,91,248,5,5,349
Attorney General,1002,170,139,309,1744,17.72%,49,237,9,5,300
Attorney General,1003,1,0,1,0,0.00%,0,1,0,0,1
Attorney General,1004,111,139,250,654,38.23%,113,119,16,0,248
Attorney General,1005,0,8,8,0,0.00%,3,4,1,0,8
Attorney General,1006,1,0,1,5,20.00%,1,0,0,0,1
Attorney General,1007,208,188,396,1547,25.60%,93,288,8,3,392
Attorney General,1008,32,12,44,151,29.14%,33,10,0,0,43
Attorney General,1009,0,0,0,9,0.00%,0,0,0,0,0
Attorney General,1010,59,35,94,459,20.48%,18,75,0,0,93
Attorney General,1011,8,1,9,26,34.62%,4,5,0,0,9
Attorney General,1012,134,201,335,1365,24.54%,108,218,0,3,329
Attorney General,1013,0,6,6,58,10.34%,2,4,0,0,6
Attorney General,1014,4,6,10,31,32.26%,1,9,0,0,10
Attorney General,1015,5,4,9,25,36.00%,3,5,1,0,9
Attorney General,1016,252,212,464,1691,27.44%,227,214,11,2,454
Attorney General,1017,61,44,105,330,31.82%,30,70,2,1,103
Attorney General,1018,93,64,157,494,31.78%,70,83,2,0,155
Attorney General,1019,130,107,237,1456,16.28%,9,218,3,4,234
Attorney General,1020,0,0,0,1,0.00%,0,0,0,0,0
Attorney General,1021,0,0,0,2,0.00%,0,0,0,0,0
Attorney General,1022,97,79,176,441,39.91%,137,32,4,0,173
Attorney General,1023,430,315,745,2026,36.77%,527,195,11,5,738
Office,Precinct,Early Ballots Cast,Election Ballots Cast,Total Ballots Cast,Registered Voters,Percent Turnout,REP Ken Paxton,DEM Sam Houston,LIB Jamie Balagia,GRN Jamar Osborne,Totals
Attorney General,1024,55,61,116,249,46.59%,60,50,3,1,114
Attorney General,1025,0,1,1,14,7.14%,1,0,0,0,1
Attorney General,1026,0,0,0,0,0.00%,0,0,0,0,0
Attorney General,1027,1,0,1,8,12.50%,0,1,0,0,1
Attorney General,1028,0,0,0,0,0.00%,0,0,0,0,0
Attorney General,1029,538,719,1257,2927,42.94%,983,233,19,6,1241
Attorney General,1030,231,151,382,785,48.66%,331,40,5,2,378
Attorney General,1031,59,71,130,792,16.41%,35,83,3,2,123
Attorney General,1032,31,25,56,244,22.95%,35,17,0,1,53
Attorney General,1033,0,0,0,0,0.00%,0,0,0,0,0
Attorney General,1034,0,0,0,0,0.00%,0,0,0,0,0
Attorney General,1035,2,4,6,138,4.35%,2,4,0,0,6
Attorney General,1036,55,24,89,449,19.82%,72,15,1,0,88
Attorney General,1037,19,11,30,76,39.47%,18,10,1,0,29
Attorney General,1038,52,6,68,327,20.80%,9,57,0,0,66
Attorney General,1039,2,0,2,25,8.00%,0,2,0,0,2
Attorney General,1040,91,66,157,771,20.36%,68,81,5,1,155
Attorney General,1041,0,2,2,0,0.00%,0,2,0,0,2
Attorney General,1042,105,67,172,521,33.01%,51,114,4,2,171
Attorney General,1043,6,e,12,33,36.36%,4,8,0,0,12
Attorney General,1044,15,6,22,55,40.00%,8,14,0,0,22
Attorney General,1045,197,173,370,1788,20.69%,53,305,2,2,362
Attorney General,1046,11,5,16,62,25.81%,1,15,0,0,16
Attorney General,1047,255,186,441,1568,28.13%,157,261,12,7,437
Attorney General,1048,1,0,1,17,5.88%,1,0,0,0,1
Attorney General,1049,14,45,59,290,20.34%,19,35,1,1,56
Attorney General,1050,60,63,123,537,22.91%,37,82,0,0,119
Attorney General,1051,0,31,31,0,0.00%,18,12,0,0,30
Attorney General,1052,0,0,0,0,0.00%,0,0,0,0,0
Attorney General,1053,0,0,0,0,0.00%,0,0,0,0,0
Attorney General,1054,0,0,0,1,0.00%,0,0,0,0,0
Attorney General,1055,0,0,0,0,0.00%,0,0,0,0,0
Attorney General,1056,4,2,6,8,75.00%,1,5,0,0,6
Office,Precinct,Early Ballots Cast,Election Ballots Cast,Total Ballots Cast,Registered Voters,Percent Turnout,REP Ken Paxton,DEM Sam Houston,LIB Jamie Balagia,GRN Jamar Osborne,Totals
Attorney General,1057,7,9,16,118,13.56%,2,13,1,0,16
Attorney General,1058,241,285,526,1243,42.32%,104,403,5,4,516
Attorney General,1059,3,3,6,28,21.43%,1,5,0,0,6
Attorney General,1060,5,2,7,42,16.67%,5,2,0,0,7
Attorney General,1061,332,184,516,1716,30.07%,269,222,14,6,511
Attorney General,1062,17,6,23,201,11.44%,4,17,1,0,22
Attorney General,1063,66,59,125,857,14.59%,20,99,1,2,122
Attorney General,1064,25,11,36,119,30.25%,26,8,2,0,36
Attorney General,1065,1,0,1,28,3.57%,0,1,0,0,1
Attorney General,1066,72,0,72,229,31.44%,3,67,1,0,71
Attorney General,1067,0,0,0,0,0.00%,0,0,0,0,0
Attorney General,1068,22,8,30,121,24.79%,12,16,0,0,28
Attorney General,1069,434,256,690,2580,26.74%,308,343,11,5,667
Attorney General,Totals:,379077,308736,687813,2044361,349023,309926,12689,4768,676406
