Office,Precinct,Early Ballots Cast,Election Ballots Cast,Total Ballots Cast,Registered Voters,Percent Turnout,REP Greg Abbott,DEM Wendy R. Davis,LIB Kathie Glass,GRN Brandon Parmer,Sarah M. Pavitt,Totals
Governor,0001,417,466,883,2358,37.45%,276,590,9,3,0,878
Governor,0002,334,313,647,1961,32.99%,251,378,10,1,0,540
Governor,0003,326,405,731,1560,46.86%,220,484,18,3,0,725
Governor,0004,359,487,856,1668,51.32%,275,555,17,4,0,851
Governor,0005,280,448,728,1417,51.38%,219,494,10,0,0,723
Governor,0006,656,456,1112,3702,30.04%,609,463,22,8,0,1102
Governor,0007,209,110,319,1017,31.37%,13,299,0,1,0,313
Governor,0008,393,310,703,1744,40.31%,334,342,16,5,0,597
Governor,0009,206,223,429,1874,22.89%,112,291,4,8,0,415
Governor,0010,255,171,426,1753,24.30%,125,281,4,8,0,418
Governor,0011,184,176,360,1785,20.17%,73,267,5,2,0,347
Governor,0012,86,66,152,735,20.68%,86,63,1,0,0,150
Governor,0013,548,361,909,2689,33.80%,653,241,8,3,0,905
Governor,0014,442,495,937,1870,50.11%,453,472,6,2,0,933
Governor,0015,597,898,1495,2878,51.95%,786,685,15,5,0,1491
Governor,0016,243,137,380,1071,35.48%,165,200,9,1,0,375
Governor,0017,185,215,400,1162,34.42%,176,207,7,1,0,391
Governor,0018,371,351,722,1443,50.03%,319,392,7,0,0,718
Governor,0019,172,207,379,1170,32.39%,114,261,2,2,0,379
Governor,0020,313,287,600,2646,22.68%,152,425,14,4,0,595
Governor,0021,179,184,363,1122,32.35%,67,282,5,3,0,357
Governor,0022,397,322,719,2473,29.07%,130,572,7,3,0,712
Governor,0023,31,22,53,541,9.80%,11,39,0,0,0,50
Governor,0024,107,88,195,655,29.77%,13,177,1,1,0,192
Governor,0025,105,143,248,1086,22.84%,9,233,2,1,0,245
Governor,0026,241,277,518,1845,28.08%,131,362,9,5,0,507
Governor,0027,463,427,890,3074,28.95%,226,639,9,7,0,881
Governor,0028,537,405,1042,3029,34.40%,674,345,3,3,1,1025
Governor,0029,194,237,431,2638,16.34%,171,239,3,6,0,419
Governor,0030,369,391,760,2403,31.63%,181,557,14,4,0,756
Governor,0032,320,405,725,2398,30.23%,272,431,15,5,0,723
Governor,0033,709,615,1324,3706,35.73%,381,902,22,8,0,1313
Office,Precinct,Early Ballots Cast,Election Ballots Cast,Total Ballots Cast,Registered Voters,Percent Turnout,REP Greg Abbott,DEM Wendy R. Davis,LIB Kathie Glass,GRN Brandon Parmer,Sarah M. Pavitt,Totals
Governor,0034,626,579,1205,2786,43.25%,252,923,19,4,0,1198
Governor,0035,4,0,4,11,36.36%,1,3,0,0,0,4
Governor,0036,416,318,734,2927,25.08%,207,504,4,4,0,719
Governor,0037,542,436,978,2106,46.44%,256,705,9,4,0,974
Governor,0038,786,589,1375,2875,47.83%,415,931,15,6,0,1367
Governor,0039,659,575,1234,2759,44.73%,269,939,16,6,0,1230
Governor,0040,136,152,288,541,53.23%,125,158,3,0,0,286
Governor,0041,176,230,406,1334,30.43%,162,236,5,0,0,403
Governor,0042,228,109,337,1071,31.47%,5,325,0,1,0,331
Governor,0043,293,210,503,1695,29.68%,253,230,10,2,0,495
Governor,0044,204,222,426,2001,21.29%,97,309,7,2,0,415
Governor,0045,894,750,1644,6698,24.54%,323,1284,6,11,0,1624
Governor,0046,290,247,537,2511,21.39%,102,418,4,2,0,525
Governor,0047,213,218,431,1627,26.49%,19,401,1,2,0,423
Governor,0048,158,142,300,940,31.91%,20,275,1,2,0,298
Governor,0049,584,482,1066,3343,31.89%,751,280,20,4,0,1055
Governor,0050,785,771,1556,5211,29.86%,829,696,17,5,0,1547
Governor,0051,353,243,596,1689,35.29%,436,137,14,4,0,591
Governor,0052,422,447,869,2457,35.37%,391,459,10,2,0,862
Governor,0053,564,726,1290,2971,43.42%,471,782,26,5,0,1284
Governor,0054,270,364,634,1487,42.64%,297,319,10,3,0,629
Governor,0055,191,251,442,1506,29.35%,182,244,10,3,0,439
Governor,0056,282,278,560,1326,42.23%,358,186,9,1,0,554
Governor,0057,710,831,1541,3153,48.87%,527,975,23,6,0,1531
Governor,0058,470,556,1026,2690,38.14%,390,602,21,7,0,1020
Governor,0059,555,609,1164,2544,45.75%,411,716,25,8,0,1150
Governor,0060,500,564,1064,2453,43.38%,228,822,6,4,0,1050
Governor,0061,172,204,376,1773,21.21,%,152,199,4,5,0,360
Governor,0062,145,322,467,2181,21.41%,121,328,3,5,0,457
Governor,0063,264,354,618,1826,33.84%,497,106,9,1,0,613
Governor,0064,191,221,412,2141,19.24%,87,302,1,7,0,397
Governor,0065,172,230,402,2167,18.55%,113,269,6,6,0,394
Governor,0066,69,143,212,1098,19.31%,40,158,4,2,0,204
Office,Precinct,Early Ballots Cast,Election Ballots Cast,Total Ballots Cast,Registered Voters,Percent Turnout,REP Greg Abbott,DEM Wendy R. Davis,LIB Kathie Glass,GRN Brandon Parmer,Sarah M. Pavitt,Totals
Governor,0067,304,282,586,2794,20.97%,167,388,9,3,0,557
Governor,0068,553,352,905,2924,30.95%,27,860,2,1,0,890
Governor,0069,80,124,204,1284,15.89%,47,150,2,0,0,199
Governor,0070,882,664,1546,3337,46.33%,846,665,20,5,0,1535
Governor,0071,602,722,1324,4197,31.55%,587,689,36,4,1,1317
Governor,0072,220,293,513,1924,26.66%,164,333,3,5,0,505
Governor,0073,252,414,666,1555,42.83%,340,304,9,5,0,658
Governor,0074,1153,782,1935,3583,54.01%,1492,404,12,5,0,1913
Governor,0075,254,280,534,1444,36.98%,180,337,13,2,0,532
Governor,0076,373,374,747,2362,31.63%,446,283,6,5,0,740
Governor,0077,43,46,89,566,15.72%,20,68,1,0,0,89
Governor,0078,181,201,382,1522,25.10%,143,227,2,2,0,374
Governor,0079,205,306,511,2927,17.46%,148,339,5,3,0,495
Governor,0080,501,351,852,2725,31.27%,222,602,7,5,0,836
Governor,0081,183,187,370,1835,20.16%,151,207,2,4,0,354
Governor,0082,639,671,1310,3368,38.90%,950,327,19,5,0,1301
Governor,0083,1298,888,2186,6625,33.00%,1040,1100,16,8,0,2154
Governor,0084,208,218,426,1373,31.03%,307,108,7,0,0,422
Governor,0085,271,248,519,2173,23.88%,21,491,0,2,0,514
Governor,0086,448,568,1016,2910,34.91%,428,560,21,3,0,1012
Governor,0087,574,787,1461,2818,51.85%,842,590,23,1,0,1455
Governor,0088,123,118,241,693,34.78%,155,77,4,1,0,237
Governor,0089,165,371,536,1094,48.99%,260,267,5,2,0,534
Governor,0090,845,790,1635,3700,44.19%,1165,427,25,3,0,1520
Governor,0091,221,222,443,1505,29.44%,254,177,8,0,0,439
Governor,0092,695,462,1157,2242,51.61%,749,379,16,3,0,1147
Governor,0093,381,301,682,3356,20.32%,284,370,3,5,0,552
Governor,0094,51,43,94,549,17.12%,28,61,1,2,0,92
Governor,0095,917,576,1493,3177,46.99%,1057,397,23,4,0,1481
Governor,0096,83,83,166,1296,12.81%,19,141,2,2,0,154
Governor,0097,1024,725,1749,4828,36.23%,1281,432,16,6,0,1735
Governor,0098,403,488,891,2651,33.61%,738,124,14,5,0,881
Governor,0099,254,184,438,2092,20.94%,209,210,7,5,0,431
Office,Precinct,Early Ballots Cast,Election Ballots Cast,Total Ballots Cast,Registered Voters,Percent Turnout,REP Greg Abbott,DEM Wendy R. Davis,LIB Kathie Glass,GRN Brandon Parmer,Sarah M. Pavitt,Totals
Governor,0100,165,173,338,1730,19.54%,176,148,6,3,0,333
Governor,0101,72,58,130,946,13.74%,46,82,2,0,0,130
Governor,0102,207,121,328,1872,17.52%,94,223,1,1,0,319
Governor,0103,700,714,1414,5371,26.33%,804,583,16,5,0,1408
Governor,0104,530,231,761,1905,39.95%,20,731,3,0,0,754
Governor,0105,196,210,406,2165,18.75%,130,241,7,3,0,381
Governor,0106,15,7,25,294,8.50%,16,9,0,0,0,25
Governor,0107,154,197,351,2032,17.27%,65,279,0,1,0,345
Governor,0108,555,272,940,3365,27.93%,561,344,17,3,0,925
Governor,0109,530,245,775,2824,27.44%,15,749,1,1,0,755
Governor,0110,654,494,1148,3042,37.74%,742,379,15,1,0,1137
Governor,0111,816,795,1611,4102,39.27%,1159,408,31,4,0,1502
Governor,0112,542,485,1027,2976,34.51%,737,259,22,0,0,1015
Governor,0113,562,429,991,2647,37.44%,589,374,15,2,1,951
Governor,0114,707,547,1254,3311,37.87%,1014,223,11,2,0,1250
Governor,0115,238,150,388,1800,21.56%,54,322,1,3,0,350
Governor,0116,982,776,1758,3147,55.86%,1306,414,23,0,0,1743
Governor,0117,216,226,442,1880,23.51%,214,213,8,5,0,440
Governor,0118,304,123,427,759,56.26%,344,75,4,1,0,424
Governor,0119,1290,1024,2314,5500,42.07%,1861,401,23,8,0,2293
Governor,0120,713,422,1135,3191,35.57%,732,375,12,5,0,1124
Governor,0121,92,178,270,848,31.84%,190,72,2,3,0,257
Governor,0122,352,225,577,1890,30.53%,16,542,4,5,0,557
Governor,0123,285,288,573,1392,41.16%,132,429,4,5,0,570
Governor,0124,1734,1292,3026,7254,41.71%,2381,590,30,7,0,3005
Governor,0125,415,332,747,2405,31.06%,452,275,11,4,0,742
Governor,0126,893,467,1360,3100,43.87%,1202,136,15,2,0,1355
Governor,0127,435,154,589,1836,32.08%,417,148,12,2,0,579
Governor,0128,445,707,1152,2290,50.31%,659,483,10,0,0,1152
Governor,0129,1031,1200,2231,5746,38.83%,1355,826,28,7,0,2215
Governor,0130,727,523,1250,2333,53.58%,913,324,4,1,0,1242
Governor,0131,251,259,510,1935,26.36%,125,369,3,1,0,498
Governor,0132,593,323,916,2387,38.37%,18,882,4,3,0,907
Office,Precinct,Early Ballots Cast,Election Ballots Cast,Total Ballots Cast,Registered Voters,Percent Turnout,REP Greg Abbott,DEM Wendy R. Davis,LIB Kathie Glass,GRN Brandon Parmer,Sarah M. Pavitt,Totals
Governor,0133,514,858,1372,2662,51.54%,731,610,22,2,0,1365
Governor,0134,192,265,457,1437,31.80%,212,238,3,1,0,454
Governor,0135,730,579,1309,2671,49.01%,843,445,10,5,0,1303
Governor,0136,503,371,874,2013,43.42%,36,826,1,2,0,865
Governor,0137,166,141,307,716,42.88%,135,161,7,0,0,303
Governor,0138,296,199,495,1699,29.13%,14,471,3,2,0,490
Governor,0139,700,551,1251,3037,41.19%,496,724,16,8,0,1244
Governor,0140,701,480,1181,3214,36.75%,132,1027,12,1,0,1172
Governor,0141,s0,80,160,855,18.71%,94,57,5,0,0,155
Governor,0142,87,103,190,902,21.06%,65,112,3,2,0,182
Governor,0143,1962,580,2542,6386,39.81%,1798,697,26,2,0,2523
Governor,0144,216,158,374,1093,34.22%,6,363,0,1,0,370
Governor,0145,264,213,477,1538,31.01%,10,454,0,0,0,464
Governor,0146,426,519,945,2008,47.06%,382,535,11,5,0,933
Governor,0147,689,329,1018,3008,33.84%,119,882,3,1,0,1005
Governor,0148,500,780,1280,2540,50.39%,449,802,15,3,0,1269
Governor,0149,1621,737,2358,7993,29.50%,1203,1111,32,1,0,2347
Governor,0150,236,169,405,1256,32.25%,13,387,0,1,0,401
Governor,0151,137,79,216,826,26.15%,9,201,1,0,0,211
Governor,0152,214,299,513,2788,18.40%,138,355,3,4,0,500
Governor,0153,125,206,331,1808,18.31%,101,213,7,2,0,323
Governor,0154,249,183,432,2190,19.73%,116,297,6,5,0,424
Governor,0155,1022,619,1641,4109,39.94%,1130,479,12,3,0,1624
Governor,0156,800,326,1126,3071,36.67%,43,1057,9,3,0,1112
Governor,0157,448,214,662,2236,29.61%,26,622,4,1,0,553
Governor,0158,600,315,915,3035,30.15%,28,870,4,2,0,904
Governor,0159,116,127,243,998,24.35%,35,207,1,0,0,243
Governor,0160,122,73,195,696,28.02%,8,183,2,1,0,194
Governor,0161,163,141,304,991,30.68%,5,289,0,0,0,294
Governor,0162,101,83,184,1265,14.55%,74,103,0,1,0,178
Governor,0163,230,320,550,3037,18.11%,237,292,1,2,0,532
Governor,0164,182,205,387,1420,27.25%,12,371,0,0,0,383
Governor,0165,535,483,1018,2334,43.62%,657,330,11,7,0,1005
Office,Precinct,Early Ballots Cast,Election Ballots Cast,Total Ballots Cast,Registered Voters,Percent Turnout,REP Greg Abbott,DEM Wendy R. Davis,LIB Kathie Glass,GRN Brandon Parmer,Sarah M. Pavitt,Totals
Governor,0166,158,233,391,1028,38.04%,100,274,10,2,0,386
Governor,0167,3,0,3,24,12.50%,0,3,0,0,0,3
Governor,0168,92,58,150,503,29.82%,2,146,1,0,0,149
Governor,0169,516,251,767,2513,30.52%,16,741,1,2,0,750
Governor,0170,271,141,412,1869,22.04%,216,176,8,1,1,402
Governor,0171,202,198,400,1604,24.94%,8,384,1,1,0,394
Governor,0172,86,80,166,621,26.73%,64,96,1,1,0,152
Governor,0173,819,739,1558,3599,43.29%,1238,291,20,3,0,1552
Governor,0174,830,733,1563,3296,47.42%,1041,479,24,4,0,1548
Governor,0175,550,749,1309,2618,50.00%,608,677,12,5,0,1302
Governor,0176,344,451,795,1602,49.63%,384,401,3,2,0,790
Governor,0177,278,326,604,1496,40.37%,325,270,6,2,0,603
Governor,0178,504,365,869,1765,49.24%,564,289,13,1,0,867
Governor,0179,256,188,444,1575,28.19%,232,186,7,9,0,434
Governor,0180,470,343,813,2834,28.69%,21,768,5,6,0,800
Governor,0181,175,262,437,2061,21.20%,144,270,7,7,0,428
Governor,0182,590,974,1564,3405,45.93%,890,633,14,4,0,1541
Governor,0183,520,794,1314,2491,52.75%,808,481,10,4,0,1303
Governor,0184,106,135,241,994,24.25%,88,137,4,1,0,230
Governor,0185,283,292,575,1933,29.75%,201,352,3,3,0,559
Governor,0186,97,106,203,798,25.44%,31,167,1,2,0,201
Governor,0187,21,25,46,311,14.79%,15,29,0,2,0,46
Governor,0188,153,146,299,1637,18.27%,146,140,4,3,0,293
Governor,0189,239,360,599,1465,40.89%,307,272,14,3,0,596
Governor,0190,120,177,297,1723,17.24%,124,160,3,2,0,289
Governor,0191,79,126,205,1366,15.01%,96,100,4,2,0,202
Governor,0192,381,225,606,1959,30.93%,28,567,1,1,0,597
Governor,0193,173,187,360,1074,33.52%,13,341,0,1,0,355
Governor,0194,351,431,782,1912,40.90%,204,553,14,5,0,776
Governor,0195,269,278,547,1694,32.29%,19,515,6,2,0,542
Governor,0196,52,32,84,316,26.58%,6,77,1,0,0,84
Governor,0197,543,309,852,2914,29.24%,20,815,5,1,0,841
Governor,0198,53,74,127,642,19.78%,1,123,0,1,0,125
Office,Precinct,Early Ballots Cast,Election Ballots Cast,Total Ballots Cast,Registered Voters,Percent Turnout,REP Greg Abbott,DEM Wendy R. Davis,LIB Kathie Glass,GRN Brandon Parmer,Sarah M. Pavitt,Totals
Governor,0199,812,661,1473,3216,45.80%,1115,309,26,10,0,1450
Governor,0200,962,536,1498,3382,44.29%,643,823,18,4,0,1455
Governor,0201,98,87,185,724,25.55%,3,179,1,1,0,154
Governor,0202,217,189,406,1464,27.73%,13,386,1,2,0,402
Governor,0203,107,68,175,960,18.23%,48,125,0,1,0,174
Governor,0204,817,784,1601,3487,45.91%,860,697,22,8,0,1587
Governor,0205,465,171,636,1664,38.22%,11,616,1,2,0,530
Governor,0206,364,462,826,2779,29.72%,233,567,12,6,0,818
Governor,0207,255,261,526,1188,44.28%,172,344,2,4,0,522
Governor,0208,322,262,584,2195,26.61%,188,382,5,1,0,575
Governor,0209,0,2,2,0,0.00%,2,0,0,0,0,2
Governor,0210,502,467,969,2533,38.26%,91,855,10,4,0,960
Governor,0211,307,386,693,2914,23.78%,279,376,13,4,0,572
Governor,0212,96,155,251,1300,19.31%,51,192,1,1,1,245
Governor,0213,525,913,1739,3350,51.91%,1343,380,9,0,0,1732
Governor,0214,404,491,895,1854,48.27%,520,355,12,3,0,890
Governor,0215,423,711,1134,2258,50.22%,609,495,19,4,0,1127
Governor,0216,362,223,585,1945,30.08%,42,527,3,0,0,572
Governor,0217,844,631,1475,2678,55.08%,888,563,11,1,0,1453
Governor,0218,392,402,794,2292,34.64%,249,513,11,5,1,779
Governor,0219,497,436,933,2767,33.72%,52,863,4,3,0,922
Governor,0220,325,187,512,2310,22.16%,376,120,1,6,0,503
Governor,0221,332,369,701,2529,27.72%,307,363,9,3,0,582
Governor,0222,623,674,1297,2501,51.86%,534,743,9,3,0,1289
Governor,0223,563,377,940,3582,26.24%,247,672,16,0,0,935
Governor,0224,531,456,987,2238,44.10%,427,537,8,4,0,975
Governor,0225,376,405,781,3305,23.63%,383,375,11,3,0,772
Governor,0226,227,307,534,2436,21.92%,136,378,8,1,0,523
Governor,0227,558,423,981,1785,54.96%,696,274,4,2,0,975
Governor,0228,362,195,557,1050,53.05%,20,526,3,2,0,551
Governor,0229,31,96,127,815,15.58%,57,61,2,1,0,121
Governor,0230,185,116,301,1089,27.64%,11,282,2,2,0,297
Governor,0231,233,264,497,2232,22.27%,136,346,3,4,0,489
Office,Precinct,Early Ballots Cast,Election Ballots Cast,Total Ballots Cast,Registered Voters,Percent Turnout,REP Greg Abbott,DEM Wendy R. Davis,LIB Kathie Glass,GRN Brandon Parmer,Sarah M. Pavitt,Totals
Governor,0232,361,474,835,1760,47.44%,440,384,7,2,0,833
Governor,0233,892,801,1693,4445,38.09%,735,919,28,3,0,1555
Governor,0234,1192,913,2105,3993,52.72%,1559,507,8,3,0,2077
Governor,0235,240,158,398,1356,29.35%,15,376,1,3,0,395
Governor,0236,354,235,589,2079,28.33%,15,559,2,5,0,581
Governor,0237,417,253,670,2161,31.00%,9,653,1,1,0,554
Governor,0238,340,245,585,1925,30.39%,17,553,3,3,0,575
Governor,0239,383,236,619,1964,31.52%,18,589,5,0,0,512
Governor,0240,585,243,828,2649,31.26%,13,798,1,2,0,514
Governor,0241,222,229,451,2372,19.01%,192,237,5,5,0,439
Governor,0242,173,162,335,1596,20.99%,197,123,7,4,0,331
Governor,0243,138,43,181,457,39.61%,2,177,0,1,0,180
Governor,0244,480,425,905,311,7,29.03%,496,383,13,2,1,895
Governor,0245,946,799,1745,5828,29.94%,1196,503,30,7,0,1735
Governor,0246,554,513,1197,3315,36.11%,852,322,13,0,0,1187
Governor,0247,173,254,427,1582,26.99%,16,407,2,0,0,425
Governor,0248,161,167,328,2100,15.62%,90,221,9,1,0,321
Governor,0249,461,348,809,2719,29.75%,563,230,3,2,1,799
Governor,0250,109,164,273,964,28.32%,7,255,3,1,0,266
Governor,0251,278,436,714,2089,34.18%,21,673,2,4,0,700
Governor,0252,504,312,816,2377,34.33%,18,782,4,1,0,505
Governor,0253,379,222,601,2177,27.61%,10,580,1,2,0,593
Governor,0254,93,112,205,1550,13.23%,64,134,3,1,0,202
Governor,0255,526,648,1174,2482,47.30%,499,651,17,0,0,1157
Governor,0256,575,449,1024,3254,31.47%,468,517,14,5,0,1004
Governor,0257,204,245,449,2523,17.80%,146,289,2,3,0,440
Governor,0258,840,500,1540,3322,49.37%,1168,443,19,2,0,1532
Governor,0259,555,382,1038,2361,43.96%,27,997,2,0,0,1025
Governor,0260,162,145,307,1260,24.37%,184,116,3,2,0,305
Governor,0261,124,120,244,1417,17.22%,98,133,2,5,0,238
Governor,0262,758,600,1358,4397,30.88%,817,486,34,6,0,1343
Governor,0263,858,712,1570,3693,42.51%,1180,352,27,1,0,1550
Governor,0264,482,457,939,2963,31.69%,576,340,10,6,0,932
Office,Precinct,Early Ballots Cast,Election Ballots Cast,Total Ballots Cast,Registered Voters,Percent Turnout,REP Greg Abbott,DEM Wendy R. Davis,LIB Kathie Glass,GRN Brandon Parmer,Sarah M. Pavitt,Totals
Governor,0265,988,759,1747,3584,48.74%,1266,435,21,5,0,1727
Governor,0266,259,257,516,2104,24.52%,265,233,3,1,1,503
Governor,0267,146,166,312,1327,23.51%,167,127,8,3,1,306
Governor,0268,435,717,1152,2493,46.21%,641,497,7,2,0,1147
Governor,0269,702,453,1155,2030,56.90%,885,261,6,0,0,1152
Governor,0270,819,672,1491,3605,41.36%,790,648,23,14,0,1475
Governor,0271,656,382,1038,2518,41.22%,24,1004,1,3,0,1032
Governor,0272,264,292,556,2162,25.72%,214,316,15,5,0,550
Governor,0273,548,689,1237,2470,50.08%,982,231,17,1,0,1231
Governor,0274,588,346,934,2153,43.38%,630,286,10,3,0,929
Governor,0275,207,236,443,1850,23.95%,103,330,3,2,0,438
Governor,0276,572,231,803,2536,31.66%,11,778,1,3,0,793
Governor,0277,170,186,356,1492,23.86%,174,167,6,1,0,348
Governor,0278,421,320,741,2454,30.20%,414,307,9,4,0,734
Governor,0279,251,223,474,1941,24.42%,286,176,3,2,0,467
Governor,0280,130,188,318,1524,20.87%,129,168,7,1,0,305
Governor,0281,655,742,1397,2633,53.06%,601,764,12,3,0,1380
Governor,0282,314,455,769,2042,37.66%,476,270,16,3,0,765
Governor,0283,0,0,0,0,0.00%,0,0,0,0,0,0
Governor,0284,574,335,910,3172,28.69%,405,473,9,5,0,892
Governor,0285,448,378,826,2540,32.52%,74,735,7,1,0,817
Governor,0286,1255,821,2076,6170,33.65%,204,1831,7,9,0,2051
Governor,0287,371,477,848,1621,52.31%,385,443,10,1,1,840
Governor,0288,532,313,845,2210,38.24%,20,814,4,3,0,841
Governor,0289,186,212,398,1564,25.45%,202,179,8,1,0,390
Governor,0290,245,298,543,1642,33.07%,399,133,7,2,0,541
Governor,0291,325,235,560,1225,45.71%,280,268,4,4,0,556
Governor,0292,207,147,354,1356,26.11%,44,302,2,2,0,350
Governor,0293,357,447,804,1759,45.71%,350,435,6,5,0,796
Governor,0294,488,221,709,2097,33.81%,11,687,3,1,0,702
Governor,0295,148,103,251,885,28.36%,5,244,0,1,0,250
Governor,0296,327,340,667,1713,38.94%,382,254,11,4,0,651
Governor,0297,280,249,529,2012,26.29%,222,289,5,2,0,518
Office,Precinct,Early Ballots Cast,Election Ballots Cast,Total Ballots Cast,Registered Voters,Percent Turnout,REP Greg Abbott,DEM Wendy R. Davis,LIB Kathie Glass,GRN Brandon Parmer,Sarah M. Pavitt,Totals
Governor,0298,415,358,773,2121,36.45%,444,300,10,3,0,757
Governor,0299,179,117,296,1353,21.88%,117,168,4,1,0,290
Governor,0300,1389,1015,2405,5406,44.49%,1865,501,27,0,0,2393
Governor,0301,210,255,465,2352,19.77%,191,250,2,4,0,447
Governor,0302,353,343,696,2720,25,59%,403,274,3,2,0,682
Governor,0303,924,784,1708,3245,52.63%,1336,349,9,4,0,1698
Governor,0304,606,505,1111,2298,48.35%,571,518,11,2,0,1102
Governor,0305,524,432,956,4191,22.81%,400,528,13,6,0,947
Governor,0306,550,342,992,1879,52.79%,702,276,10,0,0,988
Governor,0307,733,670,1403,3099,45.27%,920,435,28,7,0,1390
Governor,0308,199,130,329,1296,25.39%,103,214,7,1,0,325
Governor,0309,708,593,1301,2524,51.55%,1017,261,12,0,0,1290
Governor,0310,386,279,665,1435,46.34%,442,211,4,2,0,659
Governor,0311,486,421,907,2986,30.38%,483,375,8,8,0,874
Governor,0312,742,457,1199,3636,32.98%,755,421,11,4,0,1191
Governor,0313,9,0,9,62,14.52%,7,2,0,0,0,9
Governor,0314,1121,913,2034,5647,36.02%,1256,730,29,6,1,2022
Governor,0315,478,388,866,1608,53.86%,474,374,7,2,0,857
Governor,0316,412,341,753,1537,48.99%,378,357,7,4,0,745
Governor,0317,250,209,459,1588,28.90%,138,307,4,4,0,453
Governor,0318,834,568,1402,3660,38.31%,72,1304,4,5,0,1385
Governor,0319,512,230,742,2158,34.38%,43,680,1,2,0,726
Governor,0320,234,168,402,1537,26.15%,196,188,3,0,0,387
Governor,0321,262,191,453,2346,19.31%,177,257,3,7,0,444
Governor,0322,182,129,311,1226,25.37%,95,201,9,3,0,308
Governor,0323,278,211,489,1722,28.40%,227,244,7,2,0,480
Governor,0324,532,646,1178,2336,50.43%,691,457,10,7,0,1155
Governor,0325,289,193,482,2112,22.82%,100,366,7,2,0,475
Governor,0327,380,129,509,1729,29.44%,8,493,2,0,0,503
Governor,0328,151,140,291,1434,20.29%,122,155,3,1,0,281
Governor,0329,191,184,375,1397,26.84%,151,206,7,3,0,357
Governor,0330,334,253,587,1936,30.32%,313,255,8,1,0,577
Office,Precinct,Early Ballots Cast,Election Ballots Cast,Total Ballots Cast,Registered Voters,Percent Turnout,REP Greg Abbott,DEM Wendy R. Davis,LIB Kathie Glass,GRN Brandon Parmer,Sarah M. Pavitt,Totals
Governor,0331,0,0,0,0,0.00%,0,0,0,0,0,0
Governor,0332,18,7,25,138,18.12%,12,12,0,0,0,24
Governor,0333,524,714,1238,3021,40.98%,843,352,23,8,0,1225
Governor,0334,83,42,125,742,16.85%,22,100,0,1,0,123
Governor,0335,121,98,219,1300,16.85%,82,124,4,2,0,212
Governor,0336,870,624,1494,4051,36.88%,142,1324,11,5,0,1482
Governor,0337,124,103,227,1029,22.06%,41,175,4,0,0,220
Governor,0338,731,391,1122,4934,22.74%,387,669,12,4,0,1072
Governor,0339,202,222,424,1757,24.13%,98,299,10,3,0,410
Governor,0340,1038,594,1632,3765,43.35%,1222,376,20,5,0,1523
Governor,0341,91,167,258,1290,20.00%,83,170,2,0,0,255
Governor,0342,675,605,1280,6526,19.61%,216,1042,8,4,0,1270
Governor,0343,189,271,460,1964,23.42%,134,304,6,1,0,445
Governor,0344,154,172,326,1160,28.10%,13,303,2,1,0,319
Governor,0345,156,165,321,1804,17.79%,95,209,7,4,0,315
Governor,0346,0,1,1,3,33.33%,1,0,0,0,0,1
Governor,0347,592,436,1028,3387,30.35%,677,316,14,4,0,1011
Governor,0348,438,208,646,1708,37.82%,497,140,4,3,0,644
Governor,0349,188,267,455,1349,33.73%,273,167,11,1,0,452
Governor,0350,525,526,1051,2909,36.13%,393,629,15,6,0,1043
Governor,0352,520,339,859,3205,26.80%,631,202,18,0,0,851
Governor,0353,665,451,1116,3862,28.90%,210,885,5,1,0,1101
Governor,0354,715,338,1053,3388,31.08%,267,766,4,4,0,1041
Governor,0355,301,264,565,1560,36.22%,51,508,0,0,0,559
Governor,0356,594,538,1132,2972,38.09%,713,392,14,3,0,1122
Governor,0357,837,575,1412,3517,40.15%,1009,362,23,4,0,1398
Governor,0358,213,254,467,2492,18.74%,50,402,6,1,0,459
Governor,0359,235,224,459,3061,15.00%,60,386,5,2,0,453
Governor,0360,524,380,904,2146,42.12%,443,444,7,2,0,896
Governor,0362,1138,887,2025,5086,39.82%,1460,498,37,5,0,2000
Governor,0363,620,412,1032,3677,28.07%,465,546,1,6,0,1018
Office,Precinct,Early Ballots Cast,Election Ballots Cast,Total Ballots Cast,Registered Voters,Percent Turnout,REP Greg Abbott,DEM Wendy R. Davis,LIB Kathie Glass,GRN Brandon Parmer,Sarah M. Pavitt,Totals
Governor,0364,489,405,894,2658,33.63%,514,363,8,2,0,887
Governor,0365,478,231,709,1305,54.33%,53,645,4,0,0,702
Governor,0366,252,270,522,2454,21.27%,135,377,2,2,0,516
Governor,0367,170,138,308,1130,27.26%,60,237,5,2,0,304
Governor,0368,178,88,266,958,27.77%,82,177,0,1,0,260
Governor,0369,32,29,61,559,10.91%,16,43,0,1,0,60
Governor,0370,1532,1105,2637,6593,40.00%,1987,617,18,4,0,2526
Governor,0371,122,52,174,502,34.66%,7,164,0,1,0,172
Governor,0372,221,170,391,1224,31.94%,56,331,0,0,0,387
Governor,0373,21,12,33,157,21.02%,1,29,2,0,0,32
Governor,0374,55,93,158,738,21.41,%,59,98,0,0,0,157
Governor,0375,254,220,474,2645,17.92%,256,199,4,3,0,462
Governor,0376,278,205,483,1910,25.29%,224,249,5,3,0,481
Governor,0377,526,583,1109,2920,37.98%,800,277,12,6,0,1095
Governor,0378,232,354,586,1829,32.04%,358,209,13,2,0,582
Governor,0379,432,289,721,2027,35.57%,81,631,1,0,0,713
Governor,0380,1303,995,2298,5666,40.56%,1216,1016,37,7,0,2276
Governor,0381,412,248,660,2855,23.12%,298,332,10,3,0,643
Governor,0382,132,157,289,922,31.34%,209,71,7,0,0,287
Governor,0383,289,263,552,2173,25.40%,219,314,4,2,0,539
Governor,0384,573,373,946,2657,35.60%,188,733,8,4,0,933
Governor,0385,583,670,1253,2207,56.77%,922,310,8,2,0,1242
Governor,0386,662,469,1131,2922,38.71%,835,279,5,2,0,1121
Governor,0387,555,672,1227,3935,31.18%,890,301,16,6,0,1213
Governor,0388,1432,1010,2442,6888,35.45%,1376,1010,33,4,0,2423
Governor,0389,91,208,299,1026,29.14%,37,251,10,0,0,298
Governor,0390,355,263,519,1480,41.82%,70,536,7,2,0,615
Governor,0391,508,260,768,1883,40.79%,470,276,8,6,0,760
Governor,0392,387,155,542,1446,37.48%,8,526,2,1,0,537
Governor,0393,165,185,350,1292,27.09%,155,185,7,2,0,349
Governor,0394,59,73,142,834,17.03%,72,63,3,0,0,138
Governor,0395,470,404,874,1846,47.35%,601,246,14,6,0,857
Governor,0396,623,216,839,2082,40.30%,22,810,0,0,0,832
Office,Precinct,Early Ballots Cast,Election Ballots Cast,Total Ballots Cast,Registered Voters,Percent Turnout,REP Greg Abbott,DEM Wendy R. Davis,LIB Kathie Glass,GRN Brandon Parmer,Sarah M. Pavitt,Totals
Governor,0397,86,78,164,760,21.58%,78,81,1,0,0,150
Governor,0398,615,521,1136,4022,28.24%,601,506,16,4,0,1127
Governor,0399,404,366,770,2791,27.59%,410,339,8,4,0,751
Governor,0400,520,359,979,2411,40.61%,705,248,8,5,1,957
Governor,0401,330,205,535,1913,27.97%,20,503,5,2,0,530
Governor,0402,466,266,732,1794,40.80%,48,670,3,2,0,723
Governor,0403,475,498,973,1715,56.73%,498,458,9,0,0,965
Governor,0404,419,330,749,2585,28.97%,425,295,11,6,0,737
Governor,0405,0,0,0,0,0.00%,0,0,0,0,0,0
Governor,0406,137,67,204,628,32.48%,4,197,0,0,0,201
Governor,0407,692,793,1485,3769,39.40%,987,460,18,2,0,1467
Governor,0408,146,153,299,1691,17.68%,145,143,3,5,0,296
Governor,0409,122,149,271,1459,18.57%,105,152,5,2,0,264
Governor,0410,132,80,212,899,23.58%,49,156,2,1,0,208
Governor,0411,235,200,435,2339,18.60%,163,255,6,1,0,425
Governor,0412,74,44,118,468,25.21%,10,105,1,0,0,116
Governor,0413,767,386,1153,2992,38.54%,459,676,8,0,0,1143
Governor,0414,654,480,1134,3453,32.84%,875,232,8,6,0,1121
Governor,0415,539,598,1137,2203,51.61%,748,365,13,3,0,1129
Governor,0416,538,558,1096,3791,28.91%,595,479,11,3,0,1088
Governor,0417,353,385,738,2448,30.15%,376,338,13,1,0,728
Governor,0418,404,469,873,3584,24.36%,365,478,13,6,0,862
Governor,0419,571,324,895,2658,33.67%,596,277,10,3,0,886
Governor,0420,1036,874,1910,4762,40.11%,1575,303,19,3,1,1901
Governor,0421,36,37,73,410,17.80%,25,45,1,1,0,72
Governor,0422,731,402,1133,3345,33.87%,30,1088,3,2,0,1123
Governor,0423,108,120,228,1376,16.57%,77,144,0,1,0,222
Governor,0424,240,111,351,967,36.30%,200,138,11,0,0,349
Governor,0425,107,123,230,883,26.05%,87,132,6,1,0,226
Governor,0426,260,183,443,1218,36.37%,256,169,3,4,0,432
Governor,0427,179,134,313,1092,28.66%,139,162,1,0,1,303
Governor,0428,619,421,1040,4538,22.92%,333,636,7,2,0,978
Governor,0429,445,314,759,3197,23.74%,206,521,3,1,0,731
Office,Precinct,Early Ballots Cast,Election Ballots Cast,Total Ballots Cast,Registered Voters,Percent Turnout,REP Greg Abbott,DEM Wendy R. Davis,LIB Kathie Glass,GRN Brandon Parmer,Sarah M. Pavitt,Totals
Governor,0430,161,133,294,1657,17.74%,85,192,4,5,0,286
Governor,0431,327,84,411,3417,12.03%,144,247,6,4,0,401
Governor,0432,123,157,280,1455,19.24%,97,166,15,2,0,280
Governor,0433,50,63,113,581,19.45%,22,85,2,0,0,109
Governor,0434,371,289,660,1503,43.91%,391,253,7,2,0,653
Governor,0435,856,636,1492,3252,45.88%,932,523,16,3,0,1474
Governor,0436,629,531,1160,2933,39.55%,702,439,6,3,0,1150
Governor,0437,521,512,1033,2033,50.81%,709,305,10,3,0,1027
Governor,0438,519,389,1008,1861,54.16%,736,257,7,0,0,1000
Governor,0439,710,884,1594,3554,44.85%,1110,443,21,2,0,1575
Governor,0440,664,858,1522,2930,51.95%,1201,299,16,0,0,1516
Governor,0441,345,420,765,1669,45.84%,565,187,7,0,0,759
Governor,0442,612,574,1186,2575,46.06%,978,196,7,5,0,1155
Governor,0443,227,138,365,646,56.50%,254,101,7,1,0,353
Governor,0444,587,583,1270,3262,38.93%,777,451,30,1,0,1259
Governor,0445,499,348,847,2026,41.81%,553,277,9,3,0,842
Governor,0446,31,22,53,291,18.21%,25,25,2,0,1,53
Governor,0447,93,86,179,637,28.10%,51,122,6,0,0,179
Governor,0448,590,778,1368,3138,43.59%,732,594,19,8,0,1353
Governor,0449,12,23,35,198,17.68%,3,32,0,0,0,35
Governor,0450,435,328,764,2635,28.99%,229,517,8,4,0,758
Governor,0451,1002,510,1512,2687,56.27%,1211,268,13,3,0,1495
Governor,0452,554,444,998,3048,32.74%,729,239,15,3,0,986
Governor,0453,231,262,493,1937,25.45%,197,276,2,1,0,475
Governor,0454,594,248,842,2561,32.88%,15,813,4,3,0,835
Governor,0455,367,165,532,1689,31.50%,19,503,2,2,0,525
Governor,0456,482,362,844,3513,24.03%,500,331,2,4,0,837
Governor,0457,0,0,0,0,0.00%,0,0,0,0,0,0
Governor,0458,471,237,708,1924,36.80%,40,648,6,8,0,702
Governor,0459,951,474,1425,3021,47.17%,1104,299,14,3,0,1420
Governor,0460,554,331,885,2837,31.19%,246,625,5,5,0,881
Governor,0461,1155,735,1900,3871,49.08%,1280,575,19,8,0,1552
Governor,0462,675,619,1294,3384,38.24%,475,797,5,4,0,1281
Office,Precinct,Early Ballots Cast,Election Ballots Cast,Total Ballots Cast,Registered Voters,Percent Turnout,REP Greg Abbott,DEM Wendy R. Davis,LIB Kathie Glass,GRN Brandon Parmer,Sarah M. Pavitt,Totals
Governor,0463,481,404,885,3326,26.61%,400,453,17,2,0,872
Governor,0464,356,430,786,2257,34.82%,537,223,20,3,0,783
Governor,0465,688,520,1208,3564,33.89%,674,514,11,1,0,1200
Governor,0466,1058,614,1672,4184,39.96%,954,693,8,5,0,1550
Governor,0467,213,189,402,1270,31.65%,99,291,2,3,0,395
Governor,0468,352,443,795,3598,22.10%,254,524,5,2,0,785
Governor,0469,1299,547,1846,3985,46.32%,1439,376,9,6,0,1830
Governor,0470,185,176,361,1326,27.22%,271,81,3,2,0,357
Governor,0471,375,380,755,2387,31.63%,601,128,15,6,0,750
Governor,0472,198,278,476,1081,44.03%,179,283,8,0,0,470
Governor,0473,603,391,994,1806,55.04%,680,296,9,3,0,988
Governor,0474,559,588,1147,3037,37.77%,774,333,29,3,0,1139
Governor,0475,189,267,456,1809,25.21%,222,216,6,2,0,446
Governor,0476,404,473,877,2430,36.09%,479,371,17,1,0,858
Governor,0477,737,567,1304,3505,37.20%,973,292,24,5,0,1294
Governor,0478,958,657,1615,4461,36.20%,1072,498,24,7,0,1501
Governor,0479,640,612,1252,2714,46.13%,897,310,25,5,0,1237
Governor,0480,493,450,943,2415,39.05%,674,239,16,5,0,934
Governor,0481,770,623,1393,3482,40.01%,1059,301,14,6,0,1380
Governor,0482,878,630,1508,4373,34.48%,1051,407,35,5,1,1499
Governor,0483,1043,478,1521,4308,35.31%,853,626,22,5,0,1506
Governor,0484,1107,930,2037,4979,40.91%,1434,533,40,10,0,2017
Governor,0485,1095,911,2006,5388,37.23%,1541,416,32,8,0,1997
Governor,0486,873,855,1728,3866,44.70%,1331,350,33,2,0,1715
Governor,0487,570,294,864,3860,22.38%,319,488,5,5,0,817
Governor,0488,268,254,522,1719,30.37%,194,300,8,3,0,505
Governor,0489,350,290,640,1893,33.81%,204,412,7,4,0,327
Governor,0490,444,368,812,1975,41.11%,277,515,6,3,0,801
Governor,0491,315,372,687,1888,36.39%,401,265,10,3,0,679
Governor,0492,556,410,966,2335,41.37%,580,373,5,2,0,960
Governor,0493,480,322,802,1853,43.28%,521,264,10,1,0,796
Governor,0494,381,247,628,2467,25.46%,78,536,5,2,0,621
Governor,0495,522,523,1045,2375,44.00%,758,258,12,4,0,1032
Office,Precinct,Early Ballots Cast,Election Ballots Cast,Total Ballots Cast,Registered Voters,Percent Turnout,REP Greg Abbott,DEM Wendy R. Davis,LIB Kathie Glass,GRN Brandon Parmer,Sarah M. Pavitt,Totals
Governor,0496,190,315,505,2160,23.38%,204,283,5,3,0,495
Governor,0497,526,243,769,2257,34.07%,29,729,2,0,0,750
Governor,0498,363,323,686,2297,29.87%,305,369,7,1,0,582
Governor,0499,751,518,1269,2326,54.56%,914,324,15,3,0,1255
Governor,0500,729,715,1444,3507,41.17%,993,421,15,3,0,1432
Governor,0501,341,417,758,1801,42.09%,249,481,15,5,0,750
Governor,0502,477,350,827,2501,33.07%,674,132,6,4,0,816
Governor,0503,174,116,290,1374,21.11%,113,162,4,1,0,280
Governor,0504,624,527,1151,2288,50.31%,713,414,17,3,0,1147
Governor,0505,531,562,1193,3773,31.62%,541,615,20,9,0,1185
Governor,0506,665,670,1335,3502,38.12%,234,1067,9,7,0,1317
Governor,0507,221,149,370,2452,15.09%,82,232,7,0,0,321
Governor,0508,492,412,904,3287,27.50%,343,500,17,3,0,863
Governor,0509,754,596,1350,3732,36.1,7%,924,384,23,3,0,1334
Governor,0510,689,514,1203,3590,33.51%,584,587,20,4,0,1195
Governor,0511,0,0,0,0,0.00%,0,0,0,0,0,0
Governor,0512,602,660,1262,5057,24.96%,577,644,20,4,0,1245
Governor,0513,1019,487,1506,2894,52.04%,1137,343,15,1,0,1496
Governor,0514,954,720,1674,4275,39.16%,1249,378,28,9,0,1664
Governor,0515,943,683,1626,3455,47.06%,1293,299,12,3,0,1507
Governor,0516,1001,800,1801,5356,33.63%,960,788,21,9,0,1778
Governor,0517,482,256,738,2954,24.98%,414,308,9,3,0,734
Governor,0518,635,693,1328,3943,33.68%,856,440,14,8,0,1318
Governor,0519,623,493,1116,2966,37.63%,815,268,14,8,0,1105
Governor,0520,474,457,931,4580,20.33%,167,743,10,0,0,920
Governor,0522,715,572,1288,2689,47.90%,964,289,23,3,0,1279
Governor,0523,751,415,1166,3052,38.20%,775,351,26,5,0,1157
Governor,0524,568,459,1027,3410,30.12%,349,649,6,1,0,1005
Governor,0525,707,482,1189,3091,38.47%,266,890,15,2,0,1173
Governor,0526,68,84,152,780,19.49%,49,94,3,1,0,147
Governor,0527,37,40,77,574,13.41%,40,32,1,1,0,74
Governor,0528,14,12,26,90,28.89%,1,25,0,0,0,2e
Office,Precinct,Early Ballots Cast,Election Ballots Cast,Total Ballots Cast,Registered Voters,Percent Turnout,REP Greg Abbott,DEM Wendy R. Davis,LIB Kathie Glass,GRN Brandon Parmer,Sarah M. Pavitt,Totals
Governor,0529,1043,491,1534,3710,41.35%,1299,200,17,8,0,1524
Governor,0530,114,107,221,1196,18.48%,59,147,2,0,0,208
Governor,0531,363,174,537,1145,46.90%,420,101,7,2,0,530
Governor,0532,205,146,351,1048,33.49%,251,91,3,3,0,348
Governor,0533,124,108,232,1119,20.73%,138,83,3,1,0,225
Governor,0534,783,524,1307,3837,34.06%,988,282,19,5,0,1294
Governor,0535,33,29,62,416,14.90%,30,29,2,0,0,e1
Governor,0536,554,780,1334,5139,25.96%,524,774,11,4,0,1313
Governor,0537,857,778,1635,3050,53.61%,1171,427,14,1,0,1513
Governor,0538,204,160,364,1303,27.94%,7,344,1,2,0,354
Governor,0539,15,241,256,64,400.00%,75,169,3,0,0,247
Governor,0540,378,316,694,1567,44.29%,243,436,8,1,0,688
Governor,0541,789,505,1294,4599,28.14%,192,1073,11,7,0,1283
Governor,0542,360,382,742,2557,29.02%,56,671,4,0,0,731
Governor,0543,141,213,354,1565,22.62%,116,221,5,5,0,347
Governor,0544,36,41,77,310,24.84%,12,64,0,0,0,76
Governor,0545,596,620,1216,3629,33.51%,621,570,9,3,0,1203
Governor,0546,2,2,4,37,10.81,%,3,1,0,0,0,4
Governor,0547,501,466,967,2406,40.19%,666,267,21,4,0,958
Governor,0548,286,293,579,2215,26.14%,295,264,5,3,0,557
Governor,0549,343,418,761,2663,28.58%,106,635,3,2,0,746
Governor,0550,501,431,932,3031,30.75%,513,395,14,2,0,924
Governor,0552,847,883,1730,3415,50.66%,1418,283,20,5,0,1726
Governor,0553,579,529,1108,4686,23.64%,502,569,12,3,0,1086
Governor,0554,261,199,460,1757,26.18%,100,335,4,1,0,440
Governor,0555,225,277,502,2219,22.62%,99,386,5,3,0,493
Governor,0557,455,183,638,2830,22.54%,270,307,4,4,0,585
Governor,0558,694,463,1157,4380,26.42%,399,711,16,9,0,1135
Governor,0559,641,494,1135,4969,22.84%,336,776,12,4,0,1128
Governor,0560,72,131,203,1120,18.13%,55,138,0,2,0,195
Governor,0561,362,436,798,3064,26.04%,481,292,14,5,0,792
Office,Precinct,Early Ballots Cast,Election Ballots Cast,Total Ballots Cast,Registered Voters,Percent Turnout,REP Greg Abbott,DEM Wendy R. Davis,LIB Kathie Glass,GRN Brandon Parmer,Sarah M. Pavitt,Totals
Governor,0562,113,68,181,694,26.08%,29,150,0,0,0,179
Governor,0563,1108,376,1484,3105,47.79%,1158,296,10,6,0,1470
Governor,0564,471,426,897,3155,28.43%,228,650,10,4,0,892
Governor,0565,108,78,186,1354,13.74%,44,129,4,1,0,178
Governor,0566,418,324,742,2882,25.75%,218,504,10,4,0,736
Governor,0567,301,193,494,2238,22.07%,163,297,4,2,0,466
Governor,0568,876,685,1561,3594,43.43%,1002,524,15,6,0,1547
Governor,0569,575,667,1242,3525,35.23%,648,559,14,6,0,1227
Governor,0570,239,210,449,1562,28.75%,160,280,4,1,0,445
Governor,0571,155,149,304,1827,16.64%,122,172,1,2,0,297
Governor,0572,556,375,931,3108,29.95%,462,446,15,0,0,923
Governor,0573,290,151,441,1619,27.24%,6,427,2,1,0,436
Governor,0574,31,42,73,402,18.16%,8,62,0,2,0,72
Governor,0575,13,11,24,74,32.43%,18,4,0,0,0,22
Governor,0576,486,318,804,2734,29.41%,24,762,4,1,0,791
Governor,0577,148,88,236,608,38.82%,138,97,0,0,0,235
Governor,0578,409,538,947,1799,52.64%,567,360,12,0,0,939
Governor,0579,76,101,177,1056,16.76%,34,133,4,0,0,171
Governor,0580,179,118,297,1031,28.81%,5,285,0,0,0,290
Governor,0581,212,174,386,1032,37.40%,8,369,3,1,0,381
Governor,0582,258,171,429,1588,27.02%,26,394,1,2,0,423
Governor,0583,225,131,356,1262,28.21%,11,335,1,2,0,349
Governor,0584,182,93,275,1014,27.12%,10,259,1,0,0,270
Governor,0585,417,172,589,2511,23.46%,17,565,2,0,0,584
Governor,0586,638,680,1318,4316,30.54%,792,484,19,6,0,1301
Governor,0587,439,284,723,2598,27.83%,288,419,7,0,0,714
Governor,0588,758,674,1432,3645,39.29%,1010,387,22,6,0,1425
Governor,0589,500,386,886,3420,25.91%,488,370,15,4,0,877
Governor,0590,773,399,1172,2162,54.21%,898,256,10,2,0,1166
Governor,0591,183,231,414,2121,19.52%,123,273,7,4,0,407
Governor,0592,133,157,290,1350,21.48%,76,199,2,4,0,281
Governor,0593,544,564,1108,4380,25.30%,545,527,15,6,0,1093
Governor,0594,551,325,887,2490,35.62%,249,617,9,3,0,878
Office,Precinct,Early Ballots Cast,Election Ballots Cast,Total Ballots Cast,Registered Voters,Percent Turnout,REP Greg Abbott,DEM Wendy R. Davis,LIB Kathie Glass,GRN Brandon Parmer,Sarah M. Pavitt,Totals
Governor,0595,201,178,379,1693,22.39%,68,294,3,2,0,357
Governor,0596,441,348,789,3007,26.24%,438,325,10,10,0,783
Governor,0597,367,394,761,3653,20.83%,331,419,6,1,0,757
Governor,0598,195,57,252,728,34.62%,198,42,4,2,0,245
Governor,0599,850,578,1428,4950,28.85%,512,877,12,8,0,1409
Governor,0600,667,429,1096,3957,27.70%,442,619,12,1,0,1074
Governor,0601,1074,756,1830,4057,45.11%,1365,419,26,4,0,1814
Governor,0602,293,235,528,1326,39.82%,380,137,5,3,0,525
Governor,0603,884,794,1678,4843,34.65%,1036,581,33,9,0,1559
Governor,0604,702,518,1220,3005,40.60%,1003,190,11,3,0,1207
Governor,0605,907,556,1463,5582,26.21%,366,1066,10,4,0,1446
Governor,0606,176,70,246,937,26.25%,7,234,0,1,0,242
Governor,0607,62,51,113,728,15.52%,13,96,0,0,0,109
Governor,0608,31,47,78,537,14.53%,40,34,0,0,0,74
Governor,0609,557,680,1347,3384,39.80%,834,480,17,1,0,1332
Governor,0610,231,188,419,1927,21.74%,213,187,5,1,0,406
Governor,0611,495,242,737,2488,29.62%,24,696,2,0,0,722
Governor,0612,996,497,1493,3307,45.15%,1104,349,21,4,0,1478
Governor,0613,186,204,390,1554,25.10%,69,312,3,1,0,385
Governor,0614,737,555,1303,4207,30.97%,484,789,10,4,0,1287
Governor,0615,480,299,779,1967,39.60%,487,273,8,1,0,759
Governor,0616,739,663,1402,3436,40.80%,972,401,17,0,0,1390
Governor,0617,541,393,934,3809,24.52%,381,535,9,3,0,928
Governor,0618,945,567,1513,6003,25.20%,746,723,22,7,1,1499
Governor,0619,1219,803,2022,4297,47.06%,1475,501,28,5,0,2009
Governor,0620,689,264,953,2897,32.90%,602,337,6,3,0,948
Governor,0621,154,101,255,1133,22.51%,134,112,3,4,0,253
Governor,0622,881,524,1405,4403,31.91,%,846,524,21,4,0,1395
Governor,0623,887,487,1374,3691,37.23%,936,405,16,3,0,1350
Governor,0624,1,1,2,3,66.67%,1,1,0,0,0,2
Governor,0625,477,362,839,1820,46.10%,469,344,15,2,0,830
Governor,0626,581,440,1021,2861,35.69%,554,429,18,4,0,1005
Governor,0627,345,322,668,3049,21.91%,237,407,10,1,0,555
Office,Precinct,Early Ballots Cast,Election Ballots Cast,Total Ballots Cast,Registered Voters,Percent Turnout,REP Greg Abbott,DEM Wendy R. Davis,LIB Kathie Glass,GRN Brandon Parmer,Sarah M. Pavitt,Totals
Governor,0628,152,219,371,1675,22.15%,194,168,3,1,0,355
Governor,0629,37,53,90,696,12.93%,16,74,0,0,0,90
Governor,0630,975,600,1576,3905,40.36%,118,1429,10,6,0,1553
Governor,0631,822,404,1226,2846,43.08%,892,310,14,4,0,1220
Governor,0632,7,4,11,343,3.21%,3,7,0,0,0,10
Governor,0633,945,731,1575,3559,47.09%,1174,459,22,6,0,1551
Governor,0634,458,442,900,3029,29.71%,572,299,14,4,0,889
Governor,0635,743,485,1228,3393,36.19%,910,281,24,4,0,1219
Governor,0636,535,874,1710,4140,41.30%,1468,200,23,7,0,1698
Governor,0637,409,362,771,2512,30.69%,196,547,3,6,0,752
Governor,0638,304,245,549,2204,24.91%,43,487,5,3,0,538
Governor,0639,549,547,1096,2526,43.39%,855,203,21,3,1,1083
Governor,0640,641,459,1100,3733,29.47%,674,391,20,7,1,1093
Governor,0541,649,595,1245,3650,34.11%,821,399,10,4,0,1234
Governor,0642,472,394,855,1764,49.09%,694,154,13,0,0,861
Governor,0643,934,653,1587,5945,26.69%,617,933,14,5,0,1569
Governor,0644,1020,823,1843,5523,33.37%,1202,581,28,7,0,1818
Governor,0645,655,594,1249,4185,29.84%,646,563,25,4,0,1238
Governor,0646,354,287,651,2220,29.32%,207,409,5,5,0,525
Governor,0647,904,470,1374,6084,22.58%,388,881,8,6,0,1253
Governor,0648,535,579,1417,3367,42.08%,1001,386,19,1,0,1407
Governor,0649,687,434,1121,4576,24.50%,367,703,13,3,0,1086
Governor,0650,905,766,1672,3888,43.00%,1199,437,22,5,0,1553
Governor,0651,963,766,1729,5128,33.72%,1104,591,17,4,0,1716
Governor,0652,457,515,982,2815,34.88%,173,784,6,4,0,957
Governor,0653,0,4,4,0,0.00%,0,4,0,0,0,4
Governor,0654,950,1005,1955,6208,31.49%,1082,813,28,10,0,1933
Governor,0655,1115,1079,2195,6855,32.02%,1356,785,33,7,0,2181
Governor,0656,579,393,972,2674,36.35%,43,912,2,1,0,955
Governor,0657,247,172,419,1292,32.43%,169,241,4,2,0,416
Governor,0658,540,426,966,2807,34.41%,613,328,12,0,0,953
Governor,0659,1150,788,1938,4856,39.91%,1360,542,14,7,0,1923
Governor,0660,950,825,1775,5372,33.04%,165,1579,5,4,0,1753
Office,Precinct,Early Ballots Cast,Election Ballots Cast,Total Ballots Cast,Registered Voters,Percent Turnout,REP Greg Abbott,DEM Wendy R. Davis,LIB Kathie Glass,GRN Brandon Parmer,Sarah M. Pavitt,Totals
Governor,0661,675,765,1440,4567,31.53%,828,570,16,6,0,1420
Governor,0662,1148,890,2038,4874,41.81%,1626,367,22,6,0,2021
Governor,0663,719,797,1515,3346,45.31%,735,754,15,4,0,1505
Governor,0664,352,250,602,2869,20.98%,134,440,9,3,0,586
Governor,0665,484,348,832,2154,38.63%,698,103,19,8,0,828
Governor,0666,0,0,0,0,0.00%,0,0,0,0,0,0
Governor,0667,488,502,990,2149,46.07%,754,214,17,2,0,987
Governor,0668,399,509,908,2775,32.72%,571,304,21,6,0,902
Governor,0669,850,735,1555,3425,46.36%,1117,433,17,6,0,1573
Governor,0670,957,471,1428,2983,47.87%,1120,280,17,6,0,1423
Governor,0671,403,565,968,3037,31.87%,590,357,8,3,0,958
Governor,0672,960,862,1822,5706,31.93%,1239,543,20,4,0,1805
Governor,0673,729,516,1245,2995,41.57%,997,224,11,5,0,1237
Governor,0674,1071,618,1689,4091,41.29%,1243,403,19,8,0,1573
Governor,0675,0,1,1,0,0.00%,1,0,0,0,0,1
Governor,0676,0,0,0,0,0.00%,0,0,0,0,0,0
Governor,0677,127,127,254,1266,20.06%,97,143,7,1,0,248
Governor,0678,166,108,274,735,37.28%,166,99,6,2,0,273
Governor,0679,635,520,1155,3381,34.16%,878,248,11,1,1,1139
Governor,0680,21,14,35,162,21.60%,12,23,0,0,0,35
Governor,0681,1,0,1,5,20.00%,1,0,0,0,0,1
Governor,0682,711,654,1365,4216,32.38%,991,331,22,6,0,1350
Governor,0683,29,20,49,276,17.75%,14,35,0,0,0,49
Governor,0684,28,22,50,223,22.42%,26,22,1,0,0,49
Governor,0685,110,29,139,307,45.28%,64,72,2,1,0,139
Governor,0686,17,12,29,208,13.94%,10,17,2,0,0,29
Governor,0687,549,537,1086,2609,41.63%,736,322,16,2,0,1075
Governor,0688,999,617,1616,3504,46.12%,1281,311,14,4,0,1510
Governor,0689,211,387,598,2346,25.49%,297,273,11,2,0,583
Governor,0690,926,1104,2030,5102,39.79%,1638,355,19,5,0,2017
Governor,0691,2,5,7,25,28.00%,3,4,0,0,0,7
Governor,0692,444,548,992,2847,34.84%,737,229,17,2,0,955
Governor,0693,167,91,258,666,38.74%,69,181,5,0,0,255
Office,Precinct,Early Ballots Cast,Election Ballots Cast,Total Ballots Cast,Registered Voters,Percent Turnout,REP Greg Abbott,DEM Wendy R. Davis,LIB Kathie Glass,GRN Brandon Parmer,Sarah M. Pavitt,Totals
Governor,0694,260,120,380,845,44.97%,253,121,5,0,0,379
Governor,0695,232,193,425,1724,24.65%,271,141,7,3,0,422
Governor,0696,261,207,468,1982,23.61%,290,155,12,5,0,462
Governor,0697,605,613,1218,4413,27.60%,294,887,7,9,0,1197
Governor,0698,448,489,937,3189,29.38%,105,811,3,1,1,921
Governor,0699,568,414,982,2343,41.91%,636,319,12,3,0,970
Governor,0700,255,251,506,1371,36.91%,427,67,3,3,0,500
Governor,0701,56,43,99,588,16.84%,62,33,2,0,0,97
Governor,0702,54,70,134,539,24.86%,22,112,0,0,0,134
Governor,0703,372,490,862,1882,45.80%,620,220,16,2,0,555
Governor,0704,569,599,1168,3064,38.12%,952,200,8,2,0,1152
Governor,0705,114,113,227,1523,14.90%,33,188,0,1,0,222
Governor,0706,115,71,186,610,30.49%,94,86,2,2,0,154
Governor,0707,153,86,239,707,33.80%,145,80,8,1,0,234
Governor,0708,54,52,106,563,18.83%,50,49,2,0,1,102
Governor,0709,1375,947,2322,6848,33.91%,1385,879,36,4,0,2304
Governor,0710,371,462,833,2082,40.01%,427,387,12,4,0,530
Governor,0711,703,506,1209,3484,34.70%,715,460,19,8,0,1202
Governor,0712,491,463,954,3670,25.99%,402,531,9,3,0,945
Governor,0713,228,262,490,1907,25.69%,244,231,11,1,0,457
Governor,0714,35,19,55,296,18.58%,35,20,0,0,0,55
Governor,0715,176,187,363,1408,25.78%,210,147,2,0,0,359
Governor,0716,449,407,856,2680,31.94%,587,245,15,4,0,551
Governor,0717,373,250,623,2002,31.12%,80,533,2,2,0,517
Governor,0718,1017,806,1823,4229,43.11%,1266,519,23,3,0,1511
Governor,0719,247,137,384,1589,24.17%,232,138,6,2,0,375
Governor,0720,995,780,1775,4282,41.45%,1307,416,27,8,0,1755
Governor,0721,754,532,1286,2870,44.81%,835,432,9,0,0,1275
Governor,0722,873,494,1367,4479,30.52%,104,1233,7,4,0,1345
Governor,0723,401,202,603,1858,32.45%,130,459,2,3,0,594
Governor,0724,151,128,279,766,36.42%,211,63,1,2,0,277
Governor,0725,423,237,660,2237,29.50%,307,339,4,2,0,552
Governor,0726,592,402,994,2087,47.63%,861,118,7,1,0,987
Office,Precinct,Early Ballots Cast,Election Ballots Cast,Total Ballots Cast,Registered Voters,Percent Turnout,REP Greg Abbott,DEM Wendy R. Davis,LIB Kathie Glass,GRN Brandon Parmer,Sarah M. Pavitt,Totals
Governor,0727,338,290,628,2488,25,24%,203,404,8,2,0,617
Governor,0728,209,151,360,880,40.91%,214,132,9,0,0,355
Governor,0729,135,59,195,464,42.03%,124,66,4,1,0,195
Governor,0730,428,359,787,1747,45.05%,498,265,8,3,0,774
Governor,0731,58,27,85,352,24.15%,25,59,0,1,0,85
Governor,0732,441,324,765,1924,39.76%,468,272,12,4,0,756
Governor,0733,13,7,20,215,9.30%,9,10,1,0,0,20
Governor,0734,1558,962,2520,7005,35.97%,1736,731,29,8,0,2504
Governor,0735,5,0,6,18,33.33%,6,0,0,0,0,6
Governor,0736,3,1,4,22,18.18%,0,3,0,1,0,4
Governor,0737,11,7,18,51,35.29%,13,5,0,0,0,18
Governor,0738,139,100,239,1361,17.56%,46,181,0,1,0,228
Governor,0739,353,301,654,2955,22.13%,339,287,7,5,0,638
Governor,0740,96,98,194,939,20.66%,131,56,2,2,0,191
Governor,0741,0,1,1,0,0.00%,0,1,0,0,0,1
Governor,0742,0,11,11,0,0.00%,5,6,0,0,0,11
Governor,0743,15,18,33,210,15.71%,16,14,0,1,0,31
Governor,0744,456,392,848,2027,41.84%,524,298,17,4,0,843
Governor,0745,683,372,1055,2494,42.30%,638,396,10,4,0,1048
Governor,0746,114,77,191,691,27.64%,85,101,2,2,0,190
Governor,0747,551,467,1018,3743,27.20%,478,498,22,6,0,1004
Governor,0748,172,140,312,1403,22.24%,161,140,9,0,0,310
Governor,0749,30,17,47,377,12.47%,9,36,1,0,0,46
Governor,0750,111,96,207,767,26.99%,129,73,1,2,0,205
Governor,0751,925,964,1889,5084,37.16%,1230,598,31,6,0,1865
Governor,0752,286,200,486,1483,32.77%,359,110,8,4,0,481
Governor,0753,55,73,128,259,49.42%,77,45,3,0,0,125
Governor,0754,0,0,0,0,0.00%,0,0,0,0,0,0
Governor,0755,442,584,1026,4294,23.89%,466,534,8,4,0,1012
Governor,0756,251,177,428,1600,26.75%,168,244,7,3,0,422
Governor,0757,520,508,1028,4035,25.48%,178,822,8,5,0,1013
Governor,0758,1114,692,1806,4096,44.09%,1428,339,20,8,0,1795
Governor,0759,465,413,878,2730,32.16%,554,304,13,1,0,872
Office,Precinct,Early Ballots Cast,Election Ballots Cast,Total Ballots Cast,Registered Voters,Percent Turnout,REP Greg Abbott,DEM Wendy R. Davis,LIB Kathie Glass,GRN Brandon Parmer,Sarah M. Pavitt,Totals
Governor,0760,1432,639,2071,4367,47.42%,1713,331,15,2,0,2061
Governor,0761,548,253,801,1550,51.68%,537,245,13,0,0,795
Governor,0762,0,0,0,0,0.00%,0,0,0,0,0,0
Governor,0763,108,146,254,1212,20.96%,101,139,5,2,0,247
Governor,0764,1133,774,1907,5217,36.55%,1200,681,17,2,0,1900
Governor,0765,648,426,1074,4055,26.49%,432,606,17,5,0,1060
Governor,0766,40,25,65,392,16.58%,16,46,2,0,0,84
Governor,0767,10,2,12,86,13.95%,6,6,0,0,0,12
Governor,0768,1359,1015,2374,5857,40.53%,1925,407,25,5,0,2362
Governor,0769,54,16,70,183,38.25%,2,66,1,0,0,89
Governor,0770,31,25,56,323,17.34%,27,29,0,0,0,58
Governor,0771,324,254,578,2426,23.83%,325,233,9,3,0,570
Governor,0772,1792,851,2643,5709,46.30%,1980,593,40,6,0,2819
Governor,0773,473,312,785,2918,26.90%,233,506,7,2,0,748
Governor,0774,30,41,71,378,18.78%,15,53,1,0,0,69
Governor,0775,18,3,21,92,22.83%,0,20,0,0,0,20
Governor,0776,551,496,1047,3053,34.29%,623,398,16,3,0,1040
Governor,0777,48,40,86,652,13.19%,31,53,0,0,0,84
Governor,0778,0,0,0,0,0.00%,0,0,0,0,0,0
Governor,0779,64,51,115,940,12.23%,41,71,1,0,0,113
Governor,0780,83,59,122,595,20.50%,71,49,1,0,0,121
Governor,0781,666,273,939,3603,26.06%,429,435,9,3,0,878
Governor,0782,368,370,738,2236,33.01%,452,274,10,2,0,738
Governor,0783,49,13,62,294,21.09%,44,15,1,1,0,81
Governor,0784,208,128,336,1079,31.14%,8,321,1,1,0,331
Governor,0785,28,25,53,296,17.91%,26,25,1,1,0,53
Governor,0786,100,98,198,1251,15.83%,82,116,0,0,0,198
Governor,0787,48,52,98,488,20.08%,36,62,0,0,0,98
Governor,0788,74,32,106,454,23.35%,50,52,2,1,0,105
Governor,0789,0,3,3,3,100.00%,1,2,0,0,0,3
Governor,0790,0,0,0,3,0.00%,0,0,0,0,0,0
Governor,0791,0,0,0,0,0.00%,0,0,0,0,0,0
Governor,0792,269,239,508,1865,27.24%,131,355,4,3,0,493
Office,Precinct,Early Ballots Cast,Election Ballots Cast,Total Ballots Cast,Registered Voters,Percent Turnout,REP Greg Abbott,DEM Wendy R. Davis,LIB Kathie Glass,GRN Brandon Parmer,Sarah M. Pavitt,Totals
Governor,0793,448,247,695,2484,27.98%,411,258,11,8,0,688
Governor,0794,124,144,268,2710,9.89%,32,227,3,0,0,262
Governor,0795,90,125,215,1217,17.67%,90,117,1,1,0,209
Governor,0796,83,51,134,476,28.15%,77,53,2,0,0,132
Governor,0797,0,0,0,0,0.00%,0,0,0,0,0,0
Governor,0798,99,111,210,500,42.00%,83,122,2,2,0,209
Governor,0799,28,15,43,161,26.71%,9,34,0,0,0,43
Governor,0800,588,642,1230,2932,41.95%,832,370,15,5,0,1222
Governor,0801,32,14,46,258,17.83%,16,30,0,0,0,46
Governor,0802,51,27,78,312,25.00%,14,61,1,2,0,78
Governor,0803,725,511,1236,2893,42.72%,889,314,18,5,0,1226
Governor,0804,933,591,1524,4768,31.96%,945,536,24,5,0,1510
Governor,0805,765,533,1298,2866,45.29%,1028,242,17,5,0,1292
Governor,0806,0,0,0,0,0.00%,0,0,0,0,0,0
Governor,0807,211,204,415,2028,20.46%,95,303,8,5,0,411
Governor,0808,12,17,29,131,22.14%,7,22,0,0,0,29
Governor,0809,7,6,13,92,14.13%,5,6,1,0,0,12
Governor,0810,9,16,25,211,11.85%,8,15,0,0,0,23
Governor,0811,29,50,79,270,29.26%,26,48,1,0,0,75
Governor,0812,0,0,0,0,0.00%,0,0,0,0,0,0
Governor,0813,938,761,1699,5807,29.26%,827,824,22,7,0,1680
Governor,0814,673,533,1206,5102,23.64%,302,872,15,3,0,1192
Governor,0815,0,0,0,0,0.00%,0,0,0,0,0,0
Governor,0816,10,0,10,73,13.70%,3,7,0,0,0,10
Governor,0817,0,0,0,0,0.00%,0,0,0,0,0,0
Governor,0818,86,39,125,616,20.29%,30,93,1,1,0,125
Governor,0819,64,30,94,240,39.17%,49,43,1,1,0,94
Governor,0820,0,0,0,0,0.00%,0,0,0,0,0,0
Governor,0821,124,120,244,1242,19.65%,34,205,1,0,0,240
Governor,0822,332,167,499,1535,32.51%,19,469,0,3,0,491
Governor,0823,821,564,1385,5087,27.23%,793,568,10,3,0,1374
Governor,0824,428,282,710,2700,26.30%,169,524,6,4,0,703
Governor,0825,0,0,0,0,0.00%,0,0,0,0,0,0
Office,Precinct,Early Ballots Cast,Election Ballots Cast,Total Ballots Cast,Registered Voters,Percent Turnout,REP Greg Abbott,DEM Wendy R. Davis,LIB Kathie Glass,GRN Brandon Parmer,Sarah M. Pavitt,Totals
Governor,0826,73,50,123,358,34.36%,58,63,1,0,0,122
Governor,0827,60,98,158,979,16.14%,64,85,2,4,0,155
Governor,0828,541,388,929,1916,48.49%,738,173,12,1,0,924
Governor,0829,54,22,76,264,28.79%,19,57,0,0,0,76
Governor,0830,0,0,0,2,0.00%,0,0,0,0,0,0
Governor,0831,0,0,0,0,0.00%,0,0,0,0,0,0
Governor,0832,34,28,62,352,17.61%,19,40,1,1,0,e1
Governor,0833,0,1,1,20,5.00%,0,1,0,0,0,1
Governor,0834,0,0,0,0,0.00%,0,0,0,0,0,0
Governor,0835,38,19,57,290,19.66%,10,45,0,1,0,56
Governor,0836,3,0,3,19,15.79%,1,2,0,0,0,3
Governor,0837,0,0,0,0,0.00%,0,0,0,0,0,0
Governor,0838,0,0,0,0,0.00%,0,0,0,0,0,0
Governor,0839,136,118,254,1128,22.52%,43,193,11,3,0,250
Governor,0840,381,174,555,1705,32.55%,195,343,6,4,0,548
Governor,0841,0,0,0,0,0.00%,0,0,0,0,0,0
Governor,0842,421,434,855,3259,26.24%,397,438,8,2,0,845
Governor,0843,0,1,1,0,0.00%,0,1,0,0,0,1
Governor,0844,1,0,1,11,9.09%,0,1,0,0,0,1
Governor,0845,54,9,63,134,47.01%,41,21,0,0,0,e2
Governor,0846,23,24,47,229,20.52%,2,43,1,0,0,45
Governor,0847,306,211,517,2015,25.66%,138,363,7,3,0,511
Governor,0848,489,266,755,1856,40.68%,222,515,3,3,0,743
Governor,0849,201,291,492,2124,23.16%,191,281,6,3,0,481
Governor,0850,46,41,87,210,41.43%,30,55,0,1,0,86
Governor,0851,1029,657,1686,4709,35.80%,1122,513,24,5,0,1554
Governor,0852,0,0,0,1,0.00%,0,0,0,0,0,0
Governor,0853,676,620,1296,2882,44.97%,987,287,15,3,0,1292
Governor,0854,15,26,41,172,23.84%,8,31,1,0,0,40
Governor,0855,5,9,14,16,87.50%,4,8,0,1,0,13
Governor,0856,0,1,1,0,0.00%,0,1,0,0,0,1
Governor,0857,0,0,0,1,0.00%,0,0,0,0,0,0
Governor,0858,63,34,97,343,28.28%,5,92,0,0,0,97
Office,Precinct,Early Ballots Cast,Election Ballots Cast,Total Ballots Cast,Registered Voters,Percent Turnout,REP Greg Abbott,DEM Wendy R. Davis,LIB Kathie Glass,GRN Brandon Parmer,Sarah M. Pavitt,Totals
Governor,0859,157,106,263,890,29.55%,67,188,2,1,0,258
Governor,0860,0,0,0,0,0.00%,0,0,0,0,0,0
Governor,0861,315,199,514,1842,27.90%,84,423,2,0,0,509
Governor,0862,0,0,0,0,0.00%,0,0,0,0,0,0
Governor,0863,101,54,155,584,26.54%,7,146,0,0,0,153
Governor,0864,193,299,492,2569,19.15%,132,344,3,3,0,482
Governor,0865,2,3,5,21,23.81,%,0,5,0,0,0,5
Governor,0866,0,0,0,0,0.00%,0,0,0,0,0,0
Governor,0867,0,0,0,0,0.00%,0,0,0,0,0,0
Governor,0868,236,271,507,2326,21.80%,167,321,4,1,0,493
Governor,0869,53,39,92,470,19.57%,19,69,2,0,0,90
Governor,0870,0,0,0,0,0.00%,0,0,0,0,0,0
Governor,0871,1,0,1,3,33.33%,0,1,0,0,0,1
Governor,0872,5,3,8,59,13.56%,4,4,0,0,0,8
Governor,0873,98,75,173,737,23.47%,45,126,0,1,0,172
Governor,0874,764,707,1471,3223,45.64%,1083,355,17,2,2,1459
Governor,0875,905,527,1432,5147,27.82%,684,702,24,3,0,1413
Governor,0876,698,641,1339,3265,41.01%,1010,306,14,4,0,1334
Governor,0877,476,382,858,3032,28.30%,336,497,8,6,0,847
Governor,0878,428,354,782,1666,46.94%,643,124,12,2,0,781
Governor,0879,407,294,701,2667,26.28%,345,329,13,2,0,689
Governor,0880,543,447,990,2352,42.09%,796,175,9,4,0,984
Governor,0881,596,540,1136,4479,25.36%,398,707,10,5,0,1120
Governor,0882,426,291,717,2422,29.60%,431,268,7,4,0,710
Governor,0883,643,702,1345,5408,24.87%,237,1069,11,7,0,1324
Governor,0884,57,25,82,377,21.75%,7,70,0,1,0,78
Governor,0885,562,368,930,2619,35.51%,536,375,14,2,0,927
Governor,0886,128,108,236,675,34.96%,119,109,6,1,0,235
Governor,0887,51,67,118,418,28.23%,56,59,2,0,0,117
Governor,0888,0,3,3,0,0.00%,2,1,0,0,0,3
Governor,0889,14,0,14,57,24.56%,5,9,0,0,0,14
Governor,0890,164,103,267,1095,24.38%,84,179,1,0,0,254
Governor,0891,319,243,562,1331,42.22%,201,350,5,2,0,558
Office,Precinct,Early Ballots Cast,Election Ballots Cast,Total Ballots Cast,Registered Voters,Percent Turnout,REP Greg Abbott,DEM Wendy R. Davis,LIB Kathie Glass,GRN Brandon Parmer,Sarah M. Pavitt,Totals
Governor,0892,115,86,201,808,24.88%,65,128,7,1,0,201
Governor,0893,0,2,2,6,33.33%,0,2,0,0,0,2
Governor,0894,0,3,3,0,0.00%,1,2,0,0,0,3
Governor,0895,156,286,442,793,55.74%,143,290,4,0,0,437
Governor,0896,370,297,667,1459,45.72%,208,442,7,2,0,659
Governor,0897,253,297,550,1701,32.33%,315,218,10,3,0,546
Governor,0898,0,0,0,3,0.00%,0,0,0,0,0,0
Governor,0899,2,0,2,8,25.00%,0,2,0,0,0,2
Governor,0900,0,2,2,10,20.00%,1,1,0,0,0,2
Governor,0901,0,0,0,0,0.00%,0,0,0,0,0,0
Governor,0902,396,486,882,2139,41.23%,453,406,14,4,0,877
Governor,0903,3,7,10,50,20.00%,3,6,0,0,0,9
Governor,0904,1,0,1,7,14.29%,1,0,0,0,0,1
Governor,0905,123,100,223,904,24.67%,108,107,2,0,0,217
Governor,0906,8,6,14,25,56.00%,7,7,0,0,0,14
Governor,0907,12,19,31,181,17.13%,6,25,0,0,0,31
Governor,0908,0,1,1,0,0.00%,1,0,0,0,0,1
Governor,0909,2,1,3,18,16.67%,1,2,0,0,0,3
Governor,0910,25,24,49,217,22.58%,19,25,2,0,0,46
Governor,0911,118,60,178,551,32.30%,114,56,3,0,0,173
Governor,0912,316,201,517,1273,40.61%,337,166,7,2,0,512
Governor,0913,0,0,0,0,0.00%,0,0,0,0,0,0
Governor,0914,169,179,348,701,49.64%,271,68,6,1,0,346
Governor,0915,0,0,0,0,0.00%,0,0,0,0,0,0
Governor,0916,417,240,657,1491,44.06%,524,113,6,5,0,648
Governor,0917,177,62,239,483,49.48%,159,76,2,1,0,238
Governor,0918,304,168,472,883,53.45%,348,123,1,0,0,472
Governor,0919,0,0,0,3,0.00%,0,0,0,0,0,0
Governor,0920,22,12,34,71,47.89%,25,9,0,0,0,34
Governor,0921,32,15,47,119,39.50%,34,13,0,0,0,47
Governor,0922,0,0,0,0,0.00%,0,0,0,0,0,0
Governor,0923,470,137,607,1511,40.17%,460,142,4,0,0,606
Governor,0924,0,0,0,0,0.00%,0,0,0,0,0,0
Office,Precinct,Early Ballots Cast,Election Ballots Cast,Total Ballots Cast,Registered Voters,Percent Turnout,REP Greg Abbott,DEM Wendy R. Davis,LIB Kathie Glass,GRN Brandon Parmer,Sarah M. Pavitt,Totals
Governor,0925,0,0,0,0,0.00%,0,0,0,0,0,0
Governor,0926,171,128,299,796,37.56%,229,69,1,0,0,299
Governor,0927,44,30,74,270,27.41%,31,43,0,0,0,74
Governor,0928,3,0,3,8,37.50%,0,3,0,0,0,3
Governor,0929,0,0,0,0,0.00%,0,0,0,0,0,0
Governor,0930,109,54,163,584,27.91%,7,155,1,0,0,163
Governor,0931,30,40,70,130,53.85%,33,34,3,0,0,70
Governor,0932,0,0,0,0,0.00%,0,0,0,0,0,0
Governor,0933,115,85,200,627,31.90%,51,140,5,2,0,198
Governor,0934,2,0,2,63,3.17%,1,1,0,0,0,2
Governor,0935,3,2,5,54,9.26%,1,2,0,2,0,5
Governor,0936,8,2,10,81,12.35%,6,4,0,0,0,10
Governor,0937,0,0,0,0,0.00%,0,0,0,0,0,0
Governor,0938,30,14,44,231,19.05%,12,30,1,0,0,43
Governor,0939,0,0,0,2,0.00%,0,0,0,0,0,0
Governor,0940,0,0,0,10,0.00%,0,0,0,0,0,0
Governor,0941,9,10,19,25,76.00%,17,2,0,0,0,19
Governor,0942,53,27,80,156,51.28%,61,17,2,0,0,s0
Governor,0943,166,80,246,547,44.97%,166,77,1,0,0,244
Governor,0944,20,4,24,45,53.33%,23,1,0,0,0,24
Governor,0945,1,2,3,17,17.65%,0,2,0,0,0,2
Governor,0946,0,1,1,13,7.69%,0,1,0,0,0,1
Governor,0947,177,246,423,799,52.94%,209,206,4,1,0,420
Governor,0948,0,14,14,1,1400.00%,9,3,0,0,0,12
Governor,0949,34,27,61,193,31.61%,30,28,0,1,0,59
Governor,0950,0,0,0,1,0.00%,0,0,0,0,0,0
Governor,0951,33,30,63,277,22.74%,16,46,0,0,0,62
Governor,0952,18,15,33,71,46.48%,15,18,0,0,0,33
Governor,0953,18,9,27,275,9.82%,4,22,1,0,0,27
Governor,0954,0,0,0,1,0.00%,0,0,0,0,0,0
Governor,0955,3,2,5,19,26.32%,4,1,0,0,0,5
Governor,0956,2,4,6,11,54.55%,1,4,0,0,0,5
Governor,0957,97,95,192,562,34.16%,18,171,0,1,0,190
Office,Precinct,Early Ballots Cast,Election Ballots Cast,Total Ballots Cast,Registered Voters,Percent Turnout,REP Greg Abbott,DEM Wendy R. Davis,LIB Kathie Glass,GRN Brandon Parmer,Sarah M. Pavitt,Totals
Governor,0958,51,129,210,1081,19.43%,48,154,3,0,1,205
Governor,0959,0,0,0,0,0.00%,0,0,0,0,0,0
Governor,0960,196,157,353,976,36.17%,70,275,5,2,0,352
Governor,0961,15,0,16,56,28.57%,0,16,0,0,0,15
Governor,0962,10,17,27,88,30.68%,3,23,1,0,0,27
Governor,0963,54,41,105,426,24.65%,55,46,1,1,0,103
Governor,0964,568,437,1005,2372,42.37%,607,376,8,2,0,993
Governor,0965,31,21,52,343,15.16%,29,22,1,0,0,52
Governor,0966,129,83,212,1148,18.47%,72,133,4,1,0,210
Governor,0967,15,48,63,165,38.18%,18,45,0,0,0,53
Governor,0968,119,30,149,692,21.53%,32,114,0,2,0,145
Governor,0969,156,73,229,604,37.91%,1,222,2,0,0,225
Governor,0970,53,36,119,731,16.28%,16,101,0,1,0,115
Governor,0971,11,8,19,147,12.93%,1,16,0,0,0,17
Governor,0972,5,8,14,31,45.16%,12,2,0,0,0,14
Governor,0973,24,19,43,111,38.74%,21,22,0,0,0,43
Governor,0974,57,36,93,299,31.10%,59,33,0,1,0,93
Governor,0975,55,30,85,193,44.04%,41,43,0,1,0,55
Governor,0976,55,62,130,683,19.03%,83,42,3,0,0,125
Governor,0977,50,43,93,572,16.26%,38,54,1,0,0,93
Governor,0978,77,79,156,546,28.57%,31,123,0,2,0,155
Governor,0979,2,6,8,27,29.63%,5,3,0,0,0,5
Governor,0980,280,321,601,1389,43.27%,452,142,3,1,0,595
Governor,0981,0,0,0,0,0.00%,0,0,0,0,0,0
Governor,0982,312,312,624,1567,39.82%,505,102,10,2,0,519
Governor,0983,12,21,33,161,20.50%,21,12,0,0,0,33
Governor,0954,18,9,27,192,14.06%,4,22,0,0,0,25
Governor,0985,117,63,180,351,51.28%,87,91,2,0,0,150
Governor,0986,43,30,73,463,15.77%,10,61,0,1,0,72
Governor,0987,231,90,321,1155,27.79%,30,281,2,1,0,314
Governor,0988,24,12,36,123,29.27%,32,3,1,0,0,35
Governor,0989,5,6,12,43,27.91%,6,5,1,0,0,12
Governor,0990,16,1,17,140,12.14%,7,9,0,0,0,15
Office,Precinct,Early Ballots Cast,Election Ballots Cast,Total Ballots Cast,Registered Voters,Percent Turnout,REP Greg Abbott,DEM Wendy R. Davis,LIB Kathie Glass,GRN Brandon Parmer,Sarah M. Pavitt,Totals
Governor,0991,0,0,0,1,0.00%,0,0,0,0,0,0
Governor,0992,157,107,264,1048,25.19%,149,105,5,2,0,251
Governor,0993,159,101,270,568,47.54%,213,48,6,1,0,258
Governor,0994,e,5,11,25,44.00%,2,9,0,0,0,11
Governor,0995,296,156,452,1393,32.45%,29,417,1,0,0,447
Governor,0996,136,140,276,694,39.77%,156,112,3,1,0,272
Governor,0997,101,163,264,1656,15.94%,54,206,1,1,0,262
Governor,0998,5,1,6,57,10.53%,3,3,0,0,0,e
Governor,0999,17,10,27,68,39.71%,23,4,0,0,0,27
Governor,1000,42,6,48,405,11.85%,13,33,1,0,0,47
Governor,1001,228,136,364,1565,23.26%,87,257,3,2,0,349
Governor,1002,170,139,309,1744,17.72%,51,246,3,3,0,303
Governor,1003,1,0,1,0,0.00%,0,1,0,0,0,1
Governor,1004,111,139,250,654,38.23%,114,125,9,0,0,248
Governor,1005,0,8,8,0,0.00%,3,4,1,0,0,8
Governor,1006,1,0,1,5,20.00%,1,0,0,0,0,1
Governor,1007,208,188,396,1547,25.60%,95,288,7,0,0,390
Governor,1008,32,12,44,151,29.14%,36,8,0,0,0,44
Governor,1009,0,0,0,9,0.00%,0,0,0,0,0,0
Governor,1010,59,35,94,459,20.48%,17,76,0,0,0,93
Governor,1011,8,1,9,26,34.62%,3,5,0,1,0,9
Governor,1012,134,201,335,1365,24.54%,104,224,1,1,0,330
Governor,1013,0,6,6,58,10.34%,2,3,0,1,0,e
Governor,1014,4,6,10,31,32.26%,1,9,0,0,0,10
Governor,1015,5,4,9,25,36.00%,3,6,0,0,0,9
Governor,1016,252,212,464,1691,27.44%,209,237,11,2,0,459
Governor,1017,61,44,105,330,31.82%,31,72,1,0,0,104
Governor,1018,93,64,157,494,31.78%,70,85,0,0,0,155
Governor,1019,130,107,237,1456,16.28%,12,218,3,1,0,234
Governor,1020,0,0,0,1,0.00%,0,0,0,0,0,0
Governor,1021,0,0,0,2,0.00%,0,0,0,0,0,0
Governor,1022,97,79,176,441,39.91%,136,38,0,0,0,174
Governor,1023,430,315,745,2026,36.77%,526,202,8,1,0,737
Office,Precinct,Early Ballots Cast,Election Ballots Cast,Total Ballots Cast,Registered Voters,Percent Turnout,REP Greg Abbott,DEM Wendy R. Davis,LIB Kathie Glass,GRN Brandon Parmer,Sarah M. Pavitt,Totals
Governor,1024,55,61,116,249,46.59%,61,50,3,1,0,115
Governor,1025,0,1,1,14,7.14%,1,0,0,0,0,1
Governor,1026,0,0,0,0,0.00%,0,0,0,0,0,0
Governor,1027,1,0,1,8,12.50%,1,0,0,0,0,1
Governor,1028,0,0,0,0,0.00%,0,0,0,0,0,0
Governor,1029,538,719,1257,2927,42.94%,983,254,6,6,0,1249
Governor,1030,231,151,382,785,48.66%,333,43,4,1,0,381
Governor,1031,59,71,130,792,16.41%,33,87,2,1,1,124
Governor,1032,31,25,56,244,22.95%,37,17,0,0,0,54
Governor,1033,0,0,0,0,0.00%,0,0,0,0,0,0
Governor,1034,0,0,0,0,0.00%,0,0,0,0,0,0
Governor,1035,2,4,6,138,4.35%,2,4,0,0,0,5
Governor,1036,65,24,89,449,19.82%,72,16,0,0,0,88
Governor,1037,19,11,30,76,39.47%,17,11,1,0,0,29
Governor,1038,52,6,68,327,20.80%,9,58,0,0,0,67
Governor,1039,2,0,2,25,8.00%,0,2,0,0,0,2
Governor,1040,91,66,157,771,20.36%,66,86,4,1,0,157
Governor,1041,0,2,2,0,0.00%,1,1,0,0,0,2
Governor,1042,105,67,172,521,33.01%,54,110,4,2,0,170
Governor,1043,5,6,12,33,36.36%,4,8,0,0,0,12
Governor,1044,16,6,22,55,40.00%,7,15,0,0,0,22
Governor,1045,197,173,370,1788,20.69%,48,313,2,1,0,364
Governor,1046,11,5,16,62,25.81%,2,14,0,0,0,16
Governor,1047,255,186,441,1568,28.13%,161,268,7,3,1,440
Governor,1048,1,0,1,17,5.88%,1,0,0,0,0,1
Governor,1049,14,45,59,290,20.34%,19,33,1,0,0,53
Governor,1050,60,63,123,537,22.91%,38,82,1,0,0,121
Governor,1051,0,31,31,0,0.00%,17,14,0,0,0,31
Governor,1052,0,0,0,0,0.00%,0,0,0,0,0,0
Governor,1053,0,0,0,0,0.00%,0,0,0,0,0,0
Governor,1054,0,0,0,1,0.00%,0,0,0,0,0,0
Governor,1055,0,0,0,0,0.00%,0,0,0,0,0,0
Governor,1056,4,2,6,8,75.00%,2,4,0,0,0,5
Office,Precinct,Early Ballots Cast,Election Ballots Cast,Total Ballots Cast,Registered Voters,Percent Turnout,REP Greg Abbott,DEM Wendy R. Davis,LIB Kathie Glass,GRN Brandon Parmer,Sarah M. Pavitt,Totals
Governor,1057,7,9,16,118,13.56%,3,13,0,0,0,16
Governor,1058,241,285,526,1243,42.32%,101,417,3,0,0,521
Governor,1059,3,3,6,28,21.43%,1,5,0,0,0,6
Governor,1060,5,2,7,42,16.67%,5,2,0,0,0,7
Governor,1061,332,184,516,1716,30.07%,268,237,7,2,0,514
Governor,1062,17,6,23,201,11.44%,4,19,0,0,0,23
Governor,1063,66,59,125,857,14.59%,16,104,1,1,0,122
Governor,1064,25,11,36,119,30.25%,26,10,0,0,0,36
Governor,1065,1,0,1,28,3.57%,0,1,0,0,0,1
Governor,1066,72,0,72,229,31.44%,3,67,1,0,0,71
Governor,1067,0,0,0,0,0.00%,0,0,0,0,0,0
Governor,1068,22,8,30,121,24.79%,13,17,0,0,0,30
Governor,1069,434,256,690,2580,26.74%,308,353,9,4,0,674
Governor,Totals:,379077,308736,687813,2044361,349639,320160,7818,2431,28,680076
