Office,Precinct,Early Ballots Cast,Election Ballots Cast,Total Ballots Cast,Registered Voters,Percent Turnout,REP Republican Party,DEM Democratic Party,LIB Libertarian Party,GRN Green Party,Totals
Straight Party,0001,417,466,883,2358,37.45%,174,298,4,2,478
Straight Party,0002,334,313,647,1961,32.99%,149,190,6,1,346
Straight Party,0003,326,405,731,1560,46.86%,121,208,4,0,333
Straight Party,0004,371,487,858,1668,51.44%,165,246,6,1,418
Straight Party,0005,280,448,728,1417,51.38%,143,211,4,0,358
Straight Party,0006,656,456,1112,3702,30.04%,441,302,10,1,754
Straight Party,0007,209,110,319,1017,31.37%,6,251,0,0,257
Straight Party,0008,394,310,704,1744,40.37%,249,189,4,1,443
Straight Party,0009,206,223,429,1874,22.89%,73,169,3,2,247
Straight Party,0010,255,171,426,1753,24.30%,87,212,3,3,305
Straight Party,0011,184,176,360,1785,20.17%,50,207,4,1,262
Straight Party,0012,86,66,152,735,20.68%,68,53,0,0,121
Straight Party,0013,548,361,909,2689,33.80%,470,131,6,1,608
Straight Party,0014,442,495,937,1870,50.11%,317,216,1,2,536
Straight Party,0015,599,898,1497,2878,52.02%,484,271,5,2,762
Straight Party,0016,243,137,380,1071,35.48%,107,94,4,1,206
Straight Party,0017,185,215,400,1162,34.42%,117,121,2,0,240
Straight Party,0018,371,351,722,1443,50.03%,205,189,3,1,398
Straight Party,0019,172,207,379,1170,32.39%,72,128,1,0,201
Straight Party,0020,313,287,600,2646,22.68%,101,242,5,0,348
Straight Party,0021,179,184,363,1122,32.35%,36,168,2,1,207
Straight Party,0022,397,322,719,2473,29.07%,84,442,3,1,530
Straight Party,0023,31,22,53,541,9.80%,8,35,0,0,43
Straight Party,0024,107,88,195,655,29.77%,11,133,1,0,145
Straight Party,0025,105,143,248,1086,22.84%,7,193,1,1,202
Straight Party,0026,241,277,518,1845,28.08%,78,207,1,2,288
Straight Party,0027,463,427,890,3074,28.95%,135,382,3,5,525
Straight Party,0028,637,405,1042,3029,34.40%,500,227,1,1,729
Straight Party,0029,194,237,431,2638,16.34%,121,182,0,5,308
Straight Party,0030,369,391,760,2403,31.63%,116,357,6,2,481
Straight Party,0031,455,280,735,2511,29.27%,13,604,1,2,620
Straight Party,0032,320,405,725,2398,30.23%,172,209,7,0,388
Straight Party,0033,710,615,1325,3706,35.75%,236,415,8,2,661
Straight Party,0034,628,579,1207,2786,43.32%,157,499,10,2,668
Straight Party,0035,4,0,4,11,36.36%,0,3,0,0,3
Straight Party,0036,416,318,734,2927,25.08%,135,352,2,4,493
Straight Party,0037,547,436,983,2106,46.68%,178,341,4,3,526
Straight Party,0038,786,589,1375,2875,47.83%,266,475,5,5,751
Straight Party,0039,659,575,1234,2759,44.73%,173,464,5,3,645
Straight Party,0040,136,152,288,541,53.23%,60,68,0,0,128
Straight Party,0041,176,230,406,1334,30.43%,108,159,1,0,268
Straight Party,0042,228,109,337,1071,31.47%,5,285,1,0,291
Straight Party,0043,294,210,504,1695,29.73%,185,134,2,3,324
Straight Party,0044,205,222,427,2001,21.34%,56,196,4,0,256
Straight Party,0045,894,750,1644,6698,24.54%,215,994,4,8,1221
Straight Party,0046,290,247,537,2511,21.39%,62,302,5,2,371
Straight Party,0047,213,218,431,1627,26.49%,10,344,0,2,356
Straight Party,0048,158,142,300,940,31.91%,17,226,0,0,243
Straight Party,0049,584,482,1066,3343,31.89%,576,171,4,1,752
Straight Party,0050,785,771,1556,5211,29.86%,613,456,10,4,1083
Straight Party,0051,353,243,596,1689,35.29%,315,95,3,1,414
Straight Party,0052,422,447,869,2457,35.37%,235,242,6,2,485
Straight Party,0053,564,726,1290,2971,43.42%,308,351,10,1,670
Straight Party,0054,270,364,634,1487,42.64%,194,126,4,0,324
Straight Party,0055,191,251,442,1506,29.35%,117,124,3,2,246
Straight Party,0056,283,278,561,1326,42.31%,254,93,4,1,352
Straight Party,0057,711,831,1542,3153,48.91%,313,403,5,3,724
Straight Party,0058,470,556,1026,2690,38.14%,255,307,5,3,570
Straight Party,0059,555,609,1164,2544,45.75%,265,337,6,3,611
Straight Party,0060,500,564,1064,2453,43.38%,144,365,5,5,519
Straight Party,0061,172,204,376,1773,21.21%,115,154,0,3,272
Straight Party,0062,145,322,467,2181,21.41%,81,250,1,6,338
Straight Party,0063,264,354,618,1826,33.84%,350,65,4,1,420
Straight Party,0064,191,221,412,2141,19.24%,53,236,2,1,292
Straight Party,0065,172,230,402,2167,18.55%,59,215,4,5,283
Straight Party,0066,69,143,212,1098,19.31%,26,142,1,3,172
Straight Party,0067,304,282,586,2794,20.97%,119,300,6,1,426
Straight Party,0068,553,352,905,2924,30.95%,11,746,0,1,758
Straight Party,0069,80,124,204,1284,15.89%,36,111,0,0,147
Straight Party,0070,882,664,1546,3337,46.33%,542,280,6,2,830
Straight Party,0071,602,722,1324,4197,31.55%,428,358,19,2,807
Straight Party,0072,220,293,513,1924,26.66%,105,228,2,3,338
Straight Party,0073,252,414,666,1555,42.83%,234,110,3,2,349
Straight Party,0074,1153,782,1935,3583,54.01%,1068,211,4,3,1286
Straight Party,0075,254,280,534,1444,36.98%,122,163,7,2,294
Straight Party,0076,373,374,747,2362,31.63%,316,170,2,4,492
Straight Party,0077,43,46,89,566,15.72%,15,49,1,0,65
Straight Party,0078,181,201,382,1522,25.10%,90,145,3,3,241
Straight Party,0079,205,306,511,2927,17.46%,79,252,2,3,336
Straight Party,0080,501,351,852,2725,31.27%,146,441,2,2,591
Straight Party,0081,183,187,370,1835,20.16%,93,150,1,2,246
Straight Party,0082,639,671,1310,3368,38.90%,733,178,8,0,919
Straight Party,0083,1300,888,2188,6625,33.03%,735,735,6,1,1477
Straight Party,0084,208,218,426,1373,31.03%,221,68,3,1,293
Straight Party,0085,271,248,519,2173,23.88%,11,371,0,2,384
Straight Party,0086,449,568,1017,2910,34.95%,275,281,8,0,564
Straight Party,0087,575,787,1463,2818,51.92%,498,235,13,1,747
Straight Party,0088,123,118,241,693,34.78%,117,44,0,1,162
Straight Party,0089,165,371,536,1094,48.99%,155,98,1,1,255
Straight Party,0090,845,790,1635,3700,44.19%,869,225,11,1,1106
Straight Party,0091,221,222,443,1505,29.44%,201,95,3,0,299
Straight Party,0092,695,462,1157,2242,51.61%,524,181,5,1,711
Straight Party,0093,381,301,682,3356,20.32%,192,282,4,1,479
Straight Party,0094,51,43,94,549,17.12%,23,43,2,1,69
Straight Party,0095,917,576,1493,3177,46.99%,751,193,4,2,950
Straight Party,0096,83,83,166,1296,12.81%,12,115,0,1,128
Straight Party,0097,1024,725,1749,4828,36.23%,927,257,3,1,1188
Straight Party,0098,403,488,891,2651,33.61%,553,80,5,1,639
Straight Party,0099,254,184,438,2092,20.94%,158,162,4,1,325
Straight Party,0100,185,173,338,1730,19.54%,125,114,0,3,242
Straight Party,0101,72,58,130,948,13.74%,33,82,0,0,95
Straight Party,0102,207,121,328,1872,17.52%,85,178,3,0,248
Straight Party,0103,701,714,1415,5371,28.35%,803,414,4,4,1025
Straight Party,0104,530,231,781,1905,39.95%,14,813,0,1,828
Straight Party,0105,198,210,408,2185,18.75%,87,188,5,3,283
Straight Party,0108,18,7,25,294,8.50%,14,8,0,0,22
Straight Party,0107,154,197,351,2032,17.27%,44,240,0,1,285
Straight Party,0108,558,272,940,3385,27.93%,423,241,8,1,873
Straight Party,0109,530,245,775,2824,27.44%,4,838,0,1,841
Straight Party,0110,854,494,1148,3042,37.74%,553,222,8,0,783
Straight Party,0111,818,795,1811,4102,39.27%,875,222,10,0,1107
Straight Party,0112,542,485,1027,2978,34.51%,558,143,13,0,712
Straight Party,0113,582,429,991,2847,37.44%,428,214,4,4,850
Straight Party,0114,707,547,1254,3311,37.87%,777,131,8,2,918
Straight Party,0115,238,150,388,1800,21.58%,34,278,0,3,315
Straight Party,0118,982,778,1758,3147,55.88%,888,150,4,1,1043
Straight Party,0117,218,228,442,1880,23.51%,153,149,2,2,308
Straight Party,0118,304,123,427,759,58.28%,242,27,4,0,273
Straight Party,0119,1291,1024,2315,5500,42.09%,1388,220,8,2,1818
Straight Party,0120,713,422,1135,3191,35.57%,548,215,4,1,788
Straight Party,0121,92,178,270,848,31.84%,152,58,1,1,210
Straight Party,0122,352,225,577,1890,30.53%,9,441,2,2,454
Straight Party,0123,285,288,573,1392,41.18%,78,245,3,0,324
Straight Party,0124,1734,1292,3028,7254,41.71%,1823,338,12,2,2173
Straight Party,0125,415,332,747,2405,31.08%,335,170,8,3,514
Straight Party,0128,893,487,1380,3100,43.87%,929,79,8,0,1018
Straight Party,0127,435,154,589,1838,32.08%,308,89,2,2,401
Straight Party,0128,445,707,1152,2290,50.31%,404,181,4,0,589
Straight Party,0129,1033,1200,2233,5748,38.88%,945,408,13,3,1389
Straight Party,0130,727,523,1250,2333,53.58%,888,180,2,1,829
Straight Party,0131,251,259,510,1935,28.38%,97,288,1,1,385
Straight Party,0132,593,323,918,2387,38.37%,10,753,2,3,788
Straight Party,0133,514,858,1372,2662,51.54%,445,240,10,1,696
Straight Party,0134,192,265,457,1437,31.80%,141,157,2,1,301
Straight Party,0135,732,579,1311,2671,49.08%,568,172,7,0,747
Straight Party,0136,503,371,874,2013,43.42%,17,582,1,3,603
Straight Party,0137,166,141,307,716,42.88%,76,56,1,0,133
Straight Party,0138,296,199,495,1699,29.13%,9,416,0,2,427
Straight Party,0139,701,551,1252,3037,41.22%,313,343,7,6,669
Straight Party,0140,701,480,1181,3214,36.75%,73,687,3,2,765
Straight Party,0141,80,80,160,855,18.71%,70,41,1,0,112
Straight Party,0142,87,103,190,902,21.06%,46,90,1,1,138
Straight Party,0143,1962,580,2542,6386,39.81%,1414,440,9,0,1863
Straight Party,0144,216,158,374,1093,34.22%,6,305,1,1,313
Straight Party,0145,264,213,477,1538,31.01%,9,394,0,1,404
Straight Party,0146,426,519,945,2008,47.06%,264,261,2,4,531
Straight Party,0147,690,329,1019,3008,33.88%,81,683,2,0,766
Straight Party,0148,501,780,1281,2540,50.43%,276,381,7,1,665
Straight Party,0149,1622,737,2359,7993,29.51%,887,784,12,3,1686
Straight Party,0150,236,169,405,1256,32.25%,10,326,0,0,336
Straight Party,0151,137,79,216,826,26.15%,7,170,0,0,177
Straight Party,0152,214,299,513,2788,18.40%,99,272,2,3,376
Straight Party,0153,125,206,331,1808,18.31%,67,156,2,0,225
Straight Party,0154,249,183,432,2190,19.73%,64,219,3,3,289
Straight Party,0155,1023,619,1642,4109,39.96%,870,298,1,1,1170
Straight Party,0156,802,326,1128,3071,36.73%,20,828,1,2,851
Straight Party,0157,448,214,662,2236,29.61%,17,526,1,2,546
Straight Party,0158,600,315,915,3035,30.15%,13,758,1,2,774
Straight Party,0159,116,127,243,998,24.35%,20,139,1,0,160
Straight Party,0160,122,73,195,696,28.02%,2,163,0,0,165
Straight Party,0161,163,141,304,991,30.68%,1,238,0,0,239
Straight Party,0162,101,83,184,1265,14.55%,41,73,0,1,115
Straight Party,0163,230,320,550,3037,18.11%,147,216,0,0,363
Straight Party,0164,182,205,387,1420,27.25%,6,329,0,0,335
Straight Party,0165,535,483,1018,2334,43.62%,471,172,7,0,650
Straight Party,0166,158,233,391,1028,38.04%,57,139,3,1,200
Straight Party,0167,3,0,3,24,12.50%,0,1,0,0,1
Straight Party,0168,92,58,150,503,29.82%,0,129,1,0,130
Straight Party,0169,518,251,767,2513,30.52%,6,634,0,2,642
Straight Party,0170,271,141,412,1869,22.04%,155,125,4,1,285
Straight Party,0171,202,198,400,1604,24.94%,7,328,0,0,335
Straight Party,0172,86,80,166,621,26.73%,41,62,0,1,104
Straight Party,0173,819,739,1558,3599,43.29%,944,164,10,0,1118
Straight Party,0174,830,733,1583,3296,47.42%,742,232,7,2,983
Straight Party,0175,582,749,1311,2618,50.08%,371,291,3,6,671
Straight Party,0176,346,451,797,1602,49.75%,225,153,0,0,378
Straight Party,0177,278,326,604,1496,40.37%,224,131,0,1,356
Straight Party,0178,504,365,869,1765,49.24%,367,112,7,0,486
Straight Party,0179,256,188,444,1575,28.19%,155,114,3,2,274
Straight Party,0180,470,343,813,2834,28.69%,9,635,1,4,649
Straight Party,0181,175,262,437,2061,21.20%,102,222,2,1,327
Straight Party,0182,592,974,1566,3405,45.99%,563,231,7,0,801
Straight Party,0183,520,794,1314,2491,52.75%,477,156,3,0,636
Straight Party,0184,106,135,241,994,24.25%,53,105,1,1,160
Straight Party,0185,283,292,575,1933,29.75%,140,255,0,0,395
Straight Party,0186,97,106,203,798,25.44%,23,141,1,1,166
Straight Party,0187,21,25,46,311,14.79%,8,23,0,1,32
Straight Party,0188,153,146,299,1637,18.27%,100,116,3,1,220
Straight Party,0189,241,360,601,1465,41.02%,192,136,5,2,335
Straight Party,0190,120,177,297,1723,17.24%,89,115,1,1,206
Straight Party,0191,79,126,205,1366,15.01%,60,81,2,0,143
Straight Party,0192,381,225,606,1959,30.93%,18,471,2,1,492
Straight Party,0193,173,187,360,1074,33.52%,5,257,1,2,265
Straight Party,0194,352,431,783,1912,40.95%,142,303,0,0,445
Straight Party,0195,269,278,547,1694,32.29%,4,433,1,1,439
Straight Party,0196,52,32,84,316,26.58%,5,58,0,0,63
Straight Party,0197,544,309,853,2914,29.27%,9,699,1,1,710
Straight Party,0198,53,74,127,642,19.78%,1,105,1,0,107
Straight Party,0199,812,661,1473,3216,45.80%,869,141,15,2,1027
Straight Party,0200,964,536,1500,3382,44.35%,416,408,5,1,830
Straight Party,0201,98,87,185,724,25.55%,2,154,1,1,158
Straight Party,0202,217,189,406,1464,27.73%,9,320,0,0,329
Straight Party,0203,107,68,175,960,18.23%,23,100,0,2,125
Straight Party,0204,818,784,1602,3487,45.94%,586,308,10,7,911
Straight Party,0205,465,171,636,1664,38.22%,5,526,0,0,531
Straight Party,0206,354,462,826,2779,29.72%,150,335,6,3,494
Straight Party,0207,265,261,526,1188,44.28%,100,182,1,1,284
Straight Party,0208,322,262,584,2195,26.61%,115,296,5,1,417
Straight Party,0209,0,2,2,0,0.00%,1,0,0,0,1
Straight Party,0210,502,467,969,2533,38.26%,57,614,4,2,677
Straight Party,0211,308,386,694,2914,23.82%,170,270,7,5,452
Straight Party,0212,95,155,251,1300,19.31%,39,151,2,0,192
Straight Party,0213,826,913,1739,3350,51.91%,899,112,4,1,1016
Straight Party,0214,404,491,895,1854,48.27%,339,141,2,0,482
Straight Party,0215,423,711,1134,2258,50.22%,393,174,7,1,575
Straight Party,0216,362,223,585,1945,30.08%,28,440,0,0,468
Straight Party,0217,844,631,1475,2678,55.08%,547,178,5,1,731
Straight Party,0218,392,402,794,2292,34.64%,139,307,3,4,453
Straight Party,0219,497,436,933,2767,33.72%,32,698,1,2,733
Straight Party,0220,325,187,512,2310,22.16%,273,96,0,0,369
Straight Party,0221,332,369,701,2529,27.72%,188,234,3,1,426
Straight Party,0222,626,674,1300,2501,51.98%,299,283,0,1,583
Straight Party,0223,563,377,940,3582,26.24%,158,382,5,1,546
Straight Party,0224,531,456,987,2238,44.10%,277,269,4,3,553
Straight Party,0225,375,405,781,3305,23.63%,293,265,2,1,561
Straight Party,0226,227,307,534,2436,21.92%,94,302,7,3,406
Straight Party,0227,558,423,981,1785,54.96%,383,59,2,0,444
Straight Party,0228,362,195,557,1050,53.05%,11,364,0,2,377
Straight Party,0229,31,96,127,815,15.58%,45,46,0,1,92
Straight Party,0230,185,116,301,1089,27.64%,5,251,1,1,258
Straight Party,0231,233,264,497,2232,22.27%,88,261,1,4,354
Straight Party,0232,363,474,837,1760,47.56%,283,166,1,2,452
Straight Party,0233,894,801,1695,4445,38.13%,467,399,13,2,881
Straight Party,0234,1194,913,2107,3993,52.77%,1051,163,5,0,1219
Straight Party,0235,240,158,398,1356,29.35%,8,321,1,1,331
Straight Party,0236,354,235,589,2079,28.33%,8,495,0,6,509
Straight Party,0237,417,253,670,2161,31.00%,5,562,0,1,568
Straight Party,0238,340,245,585,1925,30.39%,9,488,2,2,501
Straight Party,0239,384,236,620,1964,31.57%,11,512,1,1,525
Straight Party,0240,585,243,828,2649,31.26%,10,686,0,0,696
Straight Party,0241,222,229,451,2372,19.01%,133,183,0,0,316
Straight Party,0242,173,162,335,1596,20.99%,136,95,4,2,237
Straight Party,0243,138,43,181,457,39.61%,1,155,0,0,156
Straight Party,0244,481,425,906,3117,29.07%,372,239,6,0,617
Straight Party,0245,946,799,1745,5828,29.94%,943,319,12,3,1277
Straight Party,0246,684,513,1197,3315,36.11%,631,216,5,0,852
Straight Party,0247,173,254,427,1582,26.99%,9,340,0,1,350
Straight Party,0248,161,167,328,2100,15.62%,63,188,3,1,255
Straight Party,0249,461,348,809,2719,29.75%,427,145,3,1,576
Straight Party,0250,109,164,273,964,28.32%,4,221,1,1,227
Straight Party,0251,278,436,714,2089,34.18%,16,594,0,2,612
Straight Party,0252,504,312,816,2377,34.33%,9,698,0,1,708
Straight Party,0253,379,222,601,2177,27.61%,5,512,2,1,520
Straight Party,0254,93,112,205,1550,13.23%,45,111,0,0,156
Straight Party,0255,528,648,1176,2482,47.38%,348,309,6,2,665
Straight Party,0256,575,449,1024,3254,31.47%,334,311,4,3,652
Straight Party,0257,204,245,449,2523,17.80%,97,238,0,0,335
Straight Party,0258,841,800,1641,3322,49.40%,820,169,8,0,997
Straight Party,0259,656,382,1038,2361,43.96%,16,802,0,2,820
Straight Party,0260,162,145,307,1260,24.37%,137,72,0,1,210
Straight Party,0261,124,120,244,1417,17.22%,76,104,1,0,181
Straight Party,0262,758,600,1358,4397,30.88%,576,262,8,2,848
Straight Party,0263,858,712,1570,3693,42.51%,956,196,6,1,1159
Straight Party,0264,482,457,939,2963,31.69%,410,181,5,1,597
Straight Party,0265,988,759,1747,3584,48.74%,894,183,5,1,1083
Straight Party,0266,259,257,516,2104,24.52%,166,160,1,3,330
Straight Party,0267,146,166,312,1327,23.51%,110,98,1,2,211
Straight Party,0268,435,717,1152,2493,46.21%,379,191,7,1,578
Straight Party,0269,702,453,1155,2030,56.90%,575,87,1,1,664
Straight Party,0270,819,672,1491,3605,41.36%,546,306,6,5,863
Straight Party,0271,656,382,1038,2518,41.22%,16,845,0,1,862
Straight Party,0272,265,292,557,2162,25.76%,149,200,7,3,359
Straight Party,0273,548,689,1237,2470,50.08%,692,98,4,2,796
Straight Party,0274,588,346,934,2153,43.38%,403,124,3,1,531
Straight Party,0275,207,236,443,1850,23.95%,61,239,1,2,303
Straight Party,0276,572,231,803,2536,31.66%,5,689,1,4,699
Straight Party,0277,170,186,356,1492,23.86%,117,136,2,0,255
Straight Party,0278,421,320,741,2454,30.20%,279,211,2,0,492
Straight Party,0279,251,223,474,1941,24.42%,185,108,1,1,295
Straight Party,0280,130,188,318,1524,20.87%,88,115,1,4,208
Straight Party,0281,657,742,1399,2633,53.13%,353,292,3,1,649
Straight Party,0282,314,455,769,2042,37.66%,327,148,9,2,486
Straight Party,0283,0,0,0,0,0.00%,0,0,0,0,0
Straight Party,0284,575,336,911,3172,28.72%,290,305,4,4,503
Straight Party,0285,448,378,826,2540,32.52%,51,606,0,0,657
Straight Party,0286,1255,821,2076,6170,33.65%,130,1452,4,6,1592
Straight Party,0287,371,477,848,1621,52.31%,265,211,5,1,482
Straight Party,0288,532,313,845,2210,38.24%,13,697,1,1,712
Straight Party,0289,187,212,399,1564,25.51%,145,132,2,1,280
Straight Party,0290,245,298,543,1642,33.07%,315,75,3,0,393
Straight Party,0291,325,235,560,1225,45.71%,181,142,1,2,326
Straight Party,0292,207,147,354,1356,26.11%,33,249,1,0,283
Straight Party,0293,357,447,804,1759,45.71%,253,221,4,2,480
Straight Party,0294,488,221,709,2097,33.81%,4,591,2,1,598
Straight Party,0295,148,103,251,885,28.36%,4,218,0,2,224
Straight Party,0296,328,340,668,1713,39.00%,278,136,6,2,422
Straight Party,0297,280,249,529,2012,26.29%,165,183,3,0,351
Straight Party,0298,418,358,776,2121,36.59%,311,162,1,1,475
Straight Party,0299,179,117,296,1353,21.88%,84,111,5,0,200
Straight Party,0300,1389,1016,2405,5406,44.49%,1400,220,16,1,1637
Straight Party,0301,210,255,465,2352,19.77%,126,211,0,3,340
Straight Party,0302,353,343,696,2720,25.59%,307,194,1,1,503
Straight Party,0303,924,784,1708,3245,52.63%,928,127,3,3,1061
Straight Party,0304,606,505,1111,2298,48.35%,384,237,3,2,626
Straight Party,0305,524,432,956,4191,22.81%,308,416,6,5,735
Straight Party,0306,550,342,992,1879,52.79%,482,119,8,0,609
Straight Party,0307,734,670,1404,3099,45.30%,666,193,7,3,869
Straight Party,0308,199,130,329,1296,25.39%,74,144,0,0,218
Straight Party,0309,710,593,1303,2524,51.62%,706,92,3,0,801
Straight Party,0310,387,279,666,1435,46.41%,331,94,1,1,427
Straight Party,0311,487,421,908,2986,30.41%,349,243,2,5,599
Straight Party,0312,743,457,1200,3636,33.00%,537,242,8,1,788
Straight Party,0313,9,0,9,62,14.52%,7,2,0,0,9
Straight Party,0314,1121,913,2034,5647,36.02%,964,468,10,4,1446
Straight Party,0315,479,388,867,1608,53.92%,315,147,5,2,469
Straight Party,0316,415,341,756,1537,49.19%,237,163,3,2,405
Straight Party,0317,251,209,460,1588,28.97%,94,196,2,2,294
Straight Party,0318,834,568,1402,3660,38.31%,40,1023,0,2,1065
Straight Party,0319,513,230,743,2158,34.43%,30,553,0,4,587
Straight Party,0320,234,168,402,1537,26.15%,137,131,0,0,268
Straight Party,0321,262,191,453,2346,19.31%,118,200,2,4,324
Straight Party,0322,182,129,311,1226,25.37%,71,142,0,1,214
Straight Party,0323,278,211,489,1722,28.40%,160,144,1,1,306
Straight Party,0324,532,646,1178,2336,50.43%,461,181,3,0,645
Straight Party,0325,289,193,482,2112,22.82%,66,290,2,2,360
Straight Party,0326,87,74,161,698,23.07%,51,55,3,0,109
Straight Party,0327,380,129,509,1729,29.44%,5,396,1,0,402
Straight Party,0328,151,140,291,1434,20.29%,98,112,1,1,212
Straight Party,0329,191,184,375,1397,26.84%,93,149,3,0,245
Straight Party,0330,334,253,587,1936,30.32%,238,156,3,1,398
Straight Party,0331,0,0,0,0,0.00%,0,0,0,0,0
Straight Party,0332,18,7,25,138,18.12%,7,5,0,0,12
Straight Party,0333,525,714,1239,3021,41.01%,620,179,11,1,811
Straight Party,0334,83,42,125,742,16.85%,15,77,1,0,93
Straight Party,0335,121,98,219,1300,16.85%,64,89,4,3,160
Straight Party,0336,870,624,1494,4051,36.88%,88,1024,2,3,1117
Straight Party,0337,124,103,227,1029,22.06%,24,134,1,0,159
Straight Party,0338,731,391,1122,4934,22.74%,289,526,6,1,822
Straight Party,0339,202,222,424,1757,24.13%,55,230,2,5,292
Straight Party,0340,1038,594,1632,3765,43.35%,934,195,13,0,1142
Straight Party,0341,91,167,258,1290,20.00%,58,125,0,2,185
Straight Party,0342,675,605,1280,6526,19.61%,150,831,4,3,988
Straight Party,0343,190,271,461,1964,23.47%,93,222,2,1,318
Straight Party,0344,154,172,326,1160,28.10%,8,264,2,0,274
Straight Party,0345,156,165,321,1804,17.79%,74,155,5,4,238
Straight Party,0346,0,1,1,3,33.33%,1,0,0,0,1
Straight Party,0347,592,436,1028,3387,30.35%,519,198,5,2,724
Straight Party,0348,438,208,646,1708,37.82%,381,60,2,2,445
Straight Party,0349,188,267,455,1349,33.73%,196,91,4,0,291
Straight Party,0350,526,526,1052,2909,36.16%,250,319,5,2,576
Straight Party,0351,1491,710,2201,4712,46.71%,1340,225,3,1,1569
Straight Party,0352,520,339,859,3205,26.80%,469,133,5,0,607
Straight Party,0353,665,451,1116,3862,28.90%,136,696,3,2,837
Straight Party,0354,715,338,1053,3388,31.08%,184,571,2,1,758
Straight Party,0355,301,264,565,1560,36.22%,35,406,1,1,443
Straight Party,0356,594,538,1132,2972,38.09%,514,221,6,0,741
Straight Party,0357,837,575,1412,3517,40.15%,785,202,11,1,999
Straight Party,0358,213,254,467,2492,18.74%,38,329,2,1,370
Straight Party,0359,235,224,459,3061,15.00%,36,329,0,0,365
Straight Party,0360,525,380,905,2146,42.17%,268,193,2,1,464
Straight Party,0361,41,295,336,1673,20.08%,25,145,6,1,177
Straight Party,0362,1141,887,2028,5086,39.87%,1099,280,9,1,1389
Straight Party,0363,620,412,1032,3677,28.07%,355,392,2,3,752
Straight Party,0364,489,405,894,2658,33.63%,349,212,4,2,567
Straight Party,0365,478,231,709,1305,54.33%,30,475,1,0,506
Straight Party,0366,252,270,522,2454,21.27%,107,299,1,2,409
Straight Party,0367,170,138,308,1130,27.26%,42,175,1,1,219
Straight Party,0368,178,88,266,958,27.77%,49,148,0,0,197
Straight Party,0369,32,29,61,559,10.91%,13,27,0,1,41
Straight Party,0370,1532,1105,2637,6593,40.00%,1505,356,9,1,1871
Straight Party,0371,122,52,174,502,34.66%,3,132,0,1,136
Straight Party,0372,221,170,391,1224,31.94%,35,249,1,0,285
Straight Party,0373,21,12,33,157,21.02%,1,22,0,0,23
Straight Party,0374,85,93,158,738,21.41%,42,70,0,0,112
Straight Party,0375,254,220,474,2645,17.92%,160,157,2,1,320
Straight Party,0376,278,205,483,1910,25.29%,156,196,1,0,353
Straight Party,0377,527,583,1110,2920,38.01%,632,142,4,1,779
Straight Party,0378,233,354,587,1829,32.09%,267,106,7,1,381
Straight Party,0379,432,289,721,2027,35.57%,45,496,1,0,542
Straight Party,0380,1303,995,2298,5666,40.56%,883,642,14,1,1540
Straight Party,0381,412,248,660,2855,23.12%,222,235,2,1,460
Straight Party,0382,132,157,289,922,31.34%,160,43,3,0,206
Straight Party,0383,289,263,552,2173,25.40%,173,233,1,2,409
Straight Party,0384,574,373,947,2657,35.64%,134,534,0,1,669
Straight Party,0385,584,670,1254,2207,56.82%,637,110,4,2,753
Straight Party,0386,662,469,1131,2922,38.71%,626,178,2,2,808
Straight Party,0387,555,672,1227,3935,31.18%,678,197,6,2,883
Straight Party,0388,1432,1010,2442,6888,35.45%,1000,678,17,2,1697
Straight Party,0389,91,208,299,1026,29.14%,24,173,4,1,202
Straight Party,0390,355,283,819,1480,41.82%,39,370,1,0,410
Straight Party,0391,508,260,768,1883,40.79%,369,163,0,6,538
Straight Party,0392,387,155,542,1446,37.48%,2,459,0,2,463
Straight Party,0393,165,185,350,1292,27.09%,103,124,3,0,230
Straight Party,0394,89,73,142,834,17.03%,54,48,0,1,103
Straight Party,0395,470,404,874,1846,47.35%,431,98,8,0,537
Straight Party,0396,623,216,839,2082,40.30%,10,691,0,0,701
Straight Party,0397,66,78,164,760,21,58%,59,49,0,0,108
Straight Party,0398,615,521,1136,4022,28.24%,453,355,5,1,814
Straight Party,0399,404,366,770,2791,27.59%,306,219,2,0,527
Straight Party,0400,620,359,979,2411,40.61%,527,128,5,2,662
Straight Party,0401,330,205,535,1913,27.97%,13,418,2,2,435
Straight Party,0402,467,266,733,1794,40.86%,24,554,0,1,579
Straight Party,0403,475,498,973,1715,56.73%,304,168,3,0,475
Straight Party,0404,419,330,749,2585,28.97%,309,206,4,3,522
Straight Party,0405,0,0,0,0,0.00%,0,0,0,0,0
Straight Party,0406,137,67,204,628,32.48%,3,163,0,0,166
Straight Party,0407,695,793,1488,3769,39.48%,692,238,4,2,936
Straight Party,0408,146,153,299,1691,17.68%,104,99,1,1,205
Straight Party,0409,122,149,271,1459,18.57%,83,123,1,1,208
Straight Party,0410,132,80,212,899,23.58%,36,129,1,0,166
Straight Party,0411,235,200,435,2339,18.60%,111,211,0,0,322
Straight Party,0412,74,44,118,468,25.21%,4,83,0,0,87
Straight Party,0413,767,386,1153,2992,38.54%,310,487,4,1,802
Straight Party,0414,654,480,1134,3453,32.84%,644,152,2,1,799
Straight Party,0415,540,598,1138,2203,51.66%,546,188,3,2,739
Straight Party,0416,538,556,1096,3791,28.91%,436,280,1,1,718
Straight Party,0417,353,385,738,2448,30.15%,267,242,3,1,513
Straight Party,0418,404,469,873,3584,24.36%,248,338,4,2,592
Straight Party,0419,572,324,896,2658,33.71%,448,168,3,0,619
Straight Party,0420,1036,874,1910,4762,40.11%,1198,151,6,1,1356
Straight Party,0421,36,37,73,410,17.80%,20,27,2,0,49
Straight Party,0422,733,402,1135,3345,33.93%,18,918,0,1,937
Straight Party,0423,108,120,228,1376,16.57%,44,104,1,0,149
Straight Party,0424,240,111,351,967,36.30%,142,75,5,1,223
Straight Party,0425,107,123,230,883,26.05%,61,97,5,0,163
Straight Party,0426,260,183,443,1218,36.37%,187,107,0,0,294
Straight Party,0427,179,134,313,1092,28.66%,101,110,0,0,211
Straight Party,0428,619,421,1040,4538,22.92%,266,500,3,3,772
Straight Party,0429,445,314,759,3197,23.74%,168,386,0,1,555
Straight Party,0430,161,133,294,1657,17.74%,58,135,1,2,196
Straight Party,0431,327,84,411,3417,12.03%,115,171,3,2,291
Straight Party,0432,123,157,280,1455,19.24%,74,107,6,2,189
Straight Party,0433,50,63,113,581,19.45%,11,55,1,1,68
Straight Party,0434,372,289,661,1503,43.98%,267,119,7,1,394
Straight Party,0435,858,636,1494,3252,45.94%,652,245,8,2,907
Straight Party,0436,630,531,1161,2933,39.58%,505,189,4,2,700
Straight Party,0437,521,512,1033,2033,50.81%,516,138,4,0,658
Straight Party,0438,619,389,1008,1861,54.16%,521,87,4,0,612
Straight Party,0439,710,884,1594,3554,44.85%,768,185,2,2,957
Straight Party,0440,664,858,1522,2930,51.95%,799,109,6,0,914
Straight Party,0441,347,420,767,1669,45.96%,393,83,1,1,478
Straight Party,0442,612,574,1186,2575,46.06%,729,95,1,3,828
Straight Party,0443,227,138,365,646,56.50%,158,40,2,1,201
Straight Party,0444,687,583,1270,3262,38.93%,550,234,11,0,795
Straight Party,0445,499,348,847,2026,41.81%,381,127,4,1,513
Straight Party,0446,31,22,53,291,18.21%,18,17,0,0,35
Straight Party,0447,93,86,179,637,28.10%,34,74,1,0,109
Straight Party,0448,590,778,1368,3138,43.59%,515,293,8,2,818
Straight Party,0449,12,23,35,198,17.68%,3,25,0,0,28
Straight Party,0450,436,328,764,2635,28.99%,148,379,4,1,532
Straight Party,0451,1003,510,1513,2687,56.31%,896,111,2,0,1009
Straight Party,0452,554,444,998,3048,32.74%,565,158,7,2,732
Straight Party,0453,233,262,495,1937,25.55%,153,201,1,0,355
Straight Party,0454,594,248,842,2561,32.88%,8,706,1,0,715
Straight Party,0455,367,165,532,1689,31.50%,14,431,2,1,448
Straight Party,0456,482,362,844,3513,24.03%,360,239,1,2,602
Straight Party,0457,0,0,0,0,0.00%,0,0,0,0,0
Straight Party,0458,471,237,708,1924,36.80%,21,511,2,1,535
Straight Party,0459,951,474,1425,3021,47.17%,837,137,7,1,982
Straight Party,0460,554,331,885,2837,31.19%,167,471,3,5,646
Straight Party,0461,1166,735,1901,3871,49.11%,935,268,7,1,1211
Straight Party,0462,676,619,1295,3384,38.27%,314,521,2,3,840
Straight Party,0463,481,404,885,3326,26.61%,304,311,5,3,623
Straight Party,0464,356,430,786,2257,34.82%,392,117,9,1,519
Straight Party,0465,689,520,1209,3564,33.92%,499,320,2,1,822
Straight Party,0466,1058,614,1672,4184,39.96%,723,448,2,0,1173
Straight Party,0467,213,189,402,1270,31.65%,73,232,1,0,306
Straight Party,0468,352,443,795,3598,22.10%,180,389,0,4,573
Straight Party,0469,1300,547,1847,3985,46.35%,1102,175,2,4,1283
Straight Party,0470,185,176,361,1326,27.22%,209,42,2,3,256
Straight Party,0471,375,380,755,2387,31.63%,463,78,4,2,547
Straight Party,0472,199,278,477,1081,44.13%,90,127,1,1,219
Straight Party,0473,604,391,995,1806,55.09%,473,145,4,0,622
Straight Party,0474,559,588,1147,3037,37.77%,568,173,8,0,749
Straight Party,0475,189,267,456,1809,25.21%,166,146,1,0,313
Straight Party,0476,404,473,877,2430,36.09%,344,227,9,3,583
Straight Party,0477,737,567,1304,3505,37.20%,730,138,4,0,872
Straight Party,0478,961,657,1618,4461,36.27%,804,281,9,2,1096
Straight Party,0479,640,612,1252,2714,46.13%,674,154,12,1,841
Straight Party,0480,493,450,943,2415,39.05%,522,134,10,1,667
Straight Party,0481,771,623,1394,3482,40.03%,782,156,4,1,943
Straight Party,0482,878,630,1508,4373,34.48%,792,209,11,0,1012
Straight Party,0483,1043,478,1521,4308,35.31%,635,385,4,5,1029
Straight Party,0484,1110,930,2040,4979,40.97%,1079,289,8,1,1377
Straight Party,0485,1097,911,2008,5388,37.27%,1176,240,13,0,1429
Straight Party,0486,873,855,1728,3866,44.70%,1039,179,10,0,1228
Straight Party,0487,570,294,864,3860,22.38%,240,389,4,2,635
Straight Party,0488,268,254,522,1719,30.37%,142,212,4,1,359
Straight Party,0489,350,290,640,1893,33.81%,148,290,4,2,444
Straight Party,0490,445,368,813,1975,41.16%,191,335,1,0,527
Straight Party,0491,316,372,688,1888,36.44%,263,146,6,1,416
Straight Party,0492,556,410,966,2335,41.37%,409,220,3,3,635
Straight Party,0493,483,322,805,1853,43.44%,376,121,3,0,500
Straight Party,0494,381,247,628,2467,25.46%,45,437,1,0,483
Straight Party,0495,524,523,1047,2375,44.08%,534,144,6,3,687
Straight Party,0496,190,315,505,2160,23.38%,147,201,1,0,349
Straight Party,0497,526,243,769,2257,34.07%,17,621,0,1,639
Straight Party,0498,364,323,587,2297,29.91%,215,241,5,4,465
Straight Party,0499,752,518,1270,2326,54.60%,635,153,3,1,792
Straight Party,0500,730,715,1445,3507,41.20%,767,241,4,1,1013
Straight Party,0501,341,417,758,1801,42.09%,165,244,7,2,418
Straight Party,0502,477,350,827,2501,33.07%,508,86,2,0,596
Straight Party,0503,174,116,290,1374,21.11%,77,123,0,3,203
Straight Party,0504,627,527,1154,2288,50.44%,510,189,8,0,707
Straight Party,0505,531,562,1193,3773,31.62%,325,331,4,4,664
Straight Party,0506,665,670,1335,3502,38.12%,162,801,2,5,970
Straight Party,0507,222,149,371,2452,15.13%,55,188,1,0,244
Straight Party,0508,493,412,905,3287,27.53%,263,396,9,4,672
Straight Party,0509,754,596,1350,3732,36.1,7%,675,206,10,1,892
Straight Party,0510,689,514,1203,3590,33.51%,438,367,10,3,818
Straight Party,0511,0,0,0,0,0.00%,0,0,0,0,0
Straight Party,0512,602,660,1262,5057,24.96%,449,449,7,3,908
Straight Party,0513,1019,487,1506,2894,52.04%,847,152,4,1,1004
Straight Party,0514,954,720,1674,4275,39.16%,923,211,12,5,1151
Straight Party,0515,943,683,1626,3455,47.06%,981,127,7,1,1116
Straight Party,0516,1002,800,1802,5356,33.64%,718,527,7,5,1257
Straight Party,0517,482,256,738,2954,24.98%,321,196,6,4,527
Straight Party,0518,636,693,1329,3943,33.71%,658,264,12,4,938
Straight Party,0519,623,493,1116,2966,37.63%,641,136,6,3,786
Straight Party,0520,474,457,931,4580,20.33%,103,541,4,1,649
Straight Party,0521,472,464,936,2866,32.66%,376,284,7,2,669
Straight Party,0522,717,572,1289,2689,47.94%,728,127,9,0,864
Straight Party,0523,752,415,1167,3052,38.24%,569,206,11,1,787
Straight Party,0524,568,459,1027,3410,30.12%,259,492,3,1,755
Straight Party,0525,708,482,1190,3091,38.50%,181,642,5,0,828
Straight Party,0526,58,84,152,780,19.49%,26,77,0,0,103
Straight Party,0527,37,40,77,574,13.41%,29,24,0,0,53
Straight Party,0528,14,12,26,90,28.89%,1,19,0,0,20
Straight Party,0529,1043,491,1534,3710,41.35%,1003,87,7,3,1100
Straight Party,0530,114,107,221,1196,18.48%,44,129,3,0,176
Straight Party,0531,363,174,537,1145,46.90%,327,72,2,1,402
Straight Party,0532,205,146,351,1048,33.49%,191,48,1,1,241
Straight Party,0533,124,108,232,1119,20.73%,106,67,1,1,175
Straight Party,0534,783,524,1,307,3837,34.06%,774,149,9,2,934
Straight Party,0535,33,29,62,416,14.90%,22,24,2,0,48
Straight Party,0536,554,780,1,334,5139,25.96%,404,567,5,2,978
Straight Party,0537,857,778,1635,3050,53.61%,912,250,4,1,1167
Straight Party,0538,204,160,364,1,303,27.94%,3,286,2,2,293
Straight Party,0539,15,241,256,64,400.00%,52,129,5,2,188
Straight Party,0540,378,316,694,1567,44.29%,160,198,2,1,361
Straight Party,0541,789,505,1294,4599,28.14%,106,767,1,2,876
Straight Party,0542,360,382,742,2557,29.02%,32,571,2,2,607
Straight Party,0543,141,213,354,1565,22.62%,80,146,0,4,230
Straight Party,0544,36,41,77,310,24.84%,10,52,0,0,62
Straight Party,0545,597,620,1217,3629,33.54%,457,393,3,0,853
Straight Party,0546,2,2,4,37,10.81%,1,0,0,1,2
Straight Party,0547,502,466,968,2406,40.23%,503,143,10,0,656
Straight Party,0548,286,293,579,2215,26.14%,229,176,0,1,406
Straight Party,0549,343,418,761,2663,28.58%,92,526,0,3,621
Straight Party,0550,501,431,932,3031,30.75%,384,259,3,2,648
Straight Party,0551,1288,1394,2682,7034,38.13%,1545,357,10,4,1916
Straight Party,0552,847,883,1730,3415,50.66%,1126,130,3,4,1263
Straight Party,0553,579,529,1108,4686,23.64%,386,411,5,0,802
Straight Party,0554,261,199,460,1757,26.18%,75,259,3,2,339
Straight Party,0555,225,277,502,2219,22.62%,81,297,2,1,381
Straight Party,0556,276,186,462,2319,19.92%,106,245,0,2,353
Straight Party,0557,455,183,638,2830,22.54%,201,226,1,5,433
Straight Party,0558,694,463,1157,4380,26.42%,288,506,5,2,801
Straight Party,0559,641,494,1135,4969,22.84%,225,535,3,3,766
Straight Party,0560,72,131,203,1120,18.13%,42,101,1,0,144
Straight Party,0561,362,436,798,3064,26.04%,371,202,3,1,577
Straight Party,0562,113,68,181,694,26.08%,16,124,0,1,141
Straight Party,0563,1108,376,1484,3105,47.79%,907,143,5,5,1060
Straight Party,0564,474,426,900,3155,28.53%,140,413,6,1,560
Straight Party,0565,108,78,186,1354,13.74%,33,109,2,2,146
Straight Party,0566,419,324,743,2882,25.78%,159,337,4,1,501
Straight Party,0567,301,193,494,2238,22.07%,114,215,3,4,336
Straight Party,0568,876,685,1561,3594,43.43%,706,258,4,2,970
Straight Party,0569,576,667,1243,3525,35.26%,457,308,3,4,772
Straight Party,0570,239,210,449,1562,28.75%,99,147,1,0,247
Straight Party,0571,155,149,304,1827,16.64%,91,137,1,1,230
Straight Party,0572,556,375,931,3108,29.95%,323,269,2,0,594
Straight Party,0573,290,151,441,1619,27.24%,5,380,0,1,386
Straight Party,0574,31,42,73,402,18.16%,7,54,0,1,62
Straight Party,0575,13,11,24,74,32.43%,14,1,0,0,15
Straight Party,0576,485,318,804,2734,29.41%,17,662,1,2,682
Straight Party,0577,148,88,236,608,38.82%,102,53,0,0,155
Straight Party,0578,409,538,947,1799,52.64%,389,171,4,1,565
Straight Party,0579,76,101,177,1056,16.76%,27,115,1,0,143
Straight Party,0580,179,118,297,1031,28.81%,2,239,2,1,244
Straight Party,0581,212,174,385,1032,37.40%,5,312,1,0,318
Straight Party,0582,258,171,429,1588,27.02%,16,332,0,2,350
Straight Party,0583,225,131,356,1262,28.21%,4,295,2,3,304
Straight Party,0584,182,93,275,1014,27.12%,9,225,0,0,234
Straight Party,0585,417,172,589,2511,23.46%,12,470,0,0,482
Straight Party,0586,638,680,1318,4316,30.54%,610,337,10,3,960
Straight Party,0587,439,284,723,2598,27.83%,210,325,4,0,539
Straight Party,0588,759,674,1433,3645,39.31%,770,230,10,1,1011
Straight Party,0589,500,386,886,3420,25.91%,383,252,2,3,640
Straight Party,0590,773,399,1172,2162,54.21%,672,123,5,2,802
Straight Party,0591,183,231,414,2121,19.52%,88,217,1,4,310
Straight Party,0592,133,157,290,1350,21.48%,51,166,1,1,219
Straight Party,0593,544,564,1108,4380,25.30%,391,356,3,3,753
Straight Party,0594,563,325,889,2490,35.70%,179,478,0,2,659
Straight Party,0595,201,178,379,1693,22.39%,57,255,0,1,313
Straight Party,0596,441,348,789,3007,26.24%,329,223,5,4,561
Straight Party,0597,367,394,761,3653,20.83%,263,311,3,1,578
Straight Party,0598,195,57,252,728,34.62%,150,23,1,0,174
Straight Party,0599,850,578,1428,4950,28.85%,378,678,5,5,1066
Straight Party,0600,667,429,1096,3957,27.70%,313,446,4,0,763
Straight Party,0601,1074,756,1830,4057,45.11%,1051,219,13,1,1284
Straight Party,0602,293,235,528,1326,39.82%,298,79,2,1,380
Straight Party,0603,884,794,1678,4843,34.65%,776,374,10,2,1162
Straight Party,0604,702,518,1220,3005,40.60%,780,93,4,0,877
Straight Party,0605,908,556,1464,5582,26.23%,259,826,4,0,1089
Straight Party,0606,176,70,246,937,26.25%,3,212,0,1,216
Straight Party,0607,62,51,113,728,15.52%,9,92,0,0,101
Straight Party,0608,31,47,78,537,14.53%,28,26,1,0,55
Straight Party,0609,557,680,1347,3384,39.80%,624,279,4,1,908
Straight Party,0610,231,188,419,1927,21.74%,151,113,3,1,268
Straight Party,0611,495,242,737,2488,29.62%,14,604,1,0,619
Straight Party,0612,996,497,1493,3307,45.15%,832,172,7,0,1011
Straight Party,0613,186,204,390,1554,25.10%,42,249,0,0,291
Straight Party,0614,737,566,1303,4207,30.97%,361,566,4,2,933
Straight Party,0615,480,299,779,1967,39.60%,382,172,1,0,555
Straight Party,0616,739,663,1402,3436,40.80%,736,218,9,0,963
Straight Party,0617,541,393,934,3809,24.52%,278,389,5,0,672
Straight Party,0618,946,567,1513,6003,25.20%,561,508,8,1,1078
Straight Party,0619,1219,803,2022,4297,47.06%,1061,243,16,6,1326
Straight Party,0620,689,264,953,2897,32.90%,441,203,2,0,646
Straight Party,0621,154,101,255,1133,22.51%,100,65,4,2,171
Straight Party,0622,882,524,1406,4403,31.93%,674,325,7,3,1009
Straight Party,0623,887,487,1374,3691,37.23%,719,251,4,2,976
Straight Party,0624,1,1,2,3,66.67%,1,1,0,0,2
Straight Party,0625,477,362,839,1820,46.10%,350,187,3,0,540
Straight Party,0626,581,440,1021,2861,35.69%,398,237,6,2,643
Straight Party,0627,347,322,669,3049,21.94%,163,316,3,3,485
Straight Party,0628,154,219,373,1675,22.27%,137,110,2,0,249
Straight Party,0629,37,53,90,696,12.93%,14,65,0,0,79
Straight Party,0630,975,600,1575,3905,40.36%,72,1079,4,3,1158
Straight Party,0631,822,404,1226,2846,43.08%,662,175,4,2,843
Straight Party,0632,7,4,11,343,3.21%,2,6,0,0,8
Straight Party,0633,945,731,1677,3559,47.12%,868,254,5,2,1129
Straight Party,0634,458,442,900,3029,29.71%,437,178,4,2,621
Straight Party,0635,745,485,1230,3393,36.25%,693,152,9,3,857
Straight Party,0636,835,874,1710,4140,41.30%,1145,101,4,0,1250
Straight Party,0637,409,362,771,2512,30.69%,116,381,4,1,502
Straight Party,0638,306,245,551,2204,25.00%,34,390,1,2,427
Straight Party,0639,549,547,1096,2526,43.39%,648,101,8,1,758
Straight Party,0640,641,459,1100,3733,29.47%,503,245,8,3,759
Straight Party,0641,649,596,1245,3650,34.11%,661,251,5,4,921
Straight Party,0642,472,394,866,1764,49.09%,551,72,2,0,625
Straight Party,0643,934,653,1587,5945,26.69%,467,656,6,2,1131
Straight Party,0644,1022,823,1845,5523,33.41%,909,362,14,4,1289
Straight Party,0645,655,594,1249,4185,29.84%,482,310,8,2,802
Straight Party,0646,364,287,651,2220,29.32%,157,311,1,3,472
Straight Party,0647,904,470,1374,6084,22.58%,295,723,2,2,1022
Straight Party,0648,838,579,1417,3367,42.08%,740,224,6,1,971
Straight Party,0649,687,434,1121,4576,24.50%,274,534,5,1,814
Straight Party,0650,906,766,1672,3888,43.00%,859,215,8,3,1085
Straight Party,0651,963,766,1729,5128,33.72%,808,372,5,2,1187
Straight Party,0652,467,515,982,2815,34.88%,126,599,2,3,730
Straight Party,0653,0,4,4,0,0.00%,0,3,0,0,3
Straight Party,0654,950,1005,1955,6208,31.49%,758,524,11,3,1296
Straight Party,0655,1115,1079,2195,6855,32.02%,1007,482,13,2,1504
Straight Party,0656,579,393,972,2674,36.35%,29,807,1,4,841
Straight Party,0657,247,172,419,1292,32.43%,130,180,0,2,312
Straight Party,0658,540,426,966,2807,34.41%,476,204,2,0,682
Straight Party,0659,1150,788,1938,4856,39.91%,1054,317,6,2,1379
Straight Party,0660,951,825,1775,5372,33.06%,114,1227,1,3,1345
Straight Party,0661,675,765,1440,4567,31.53%,637,370,8,6,1021
Straight Party,0662,1148,890,2038,4874,41.81%,1242,198,6,2,1448
Straight Party,0663,720,797,1517,3346,45.34%,489,354,3,1,847
Straight Party,0664,352,250,602,2869,20.98%,91,360,3,3,457
Straight Party,0665,485,348,833,2154,38.67%,533,45,4,2,584
Straight Party,0666,0,0,0,0,0.00%,0,0,0,0,0
Straight Party,0667,488,502,990,2149,46.07%,555,108,2,0,665
Straight Party,0668,399,509,908,2775,32.72%,452,181,5,2,640
Straight Party,0559,850,738,1,588,3425,46.36%,842,224,3,4,1073
Straight Party,0670,959,471,1430,2983,47.94%,845,105,6,3,959
Straight Party,0671,404,565,969,3037,31.91%,459,202,6,0,667
Straight Party,0672,960,862,1822,5706,31.93%,991,359,7,3,1360
Straight Party,0673,729,516,1245,2995,41.57%,750,121,4,0,875
Straight Party,0674,1071,618,1689,4091,41.29%,949,222,9,3,1183
Straight Party,0675,0,1,1,0,0.00%,1,0,0,0,1
Straight Party,0676,0,0,0,0,0.00%,0,0,0,0,0
Straight Party,0677,127,127,254,1266,20.06%,61,120,1,0,182
Straight Party,0678,166,108,274,735,37.28%,118,42,0,0,160
Straight Party,0679,635,520,1155,3381,34.16%,665,142,4,1,812
Straight Party,0680,21,14,35,162,21.60%,7,9,0,2,18
Straight Party,0681,1,0,1,5,20.00%,0,0,0,0,0
Straight Party,0682,711,654,1365,4216,32.38%,759,187,5,1,952
Straight Party,0683,29,20,49,276,17.75%,7,25,0,0,32
Straight Party,0684,28,22,50,223,22.42%,17,12,0,0,29
Straight Party,0685,110,29,139,307,45.28%,48,50,1,0,99
Straight Party,0686,17,12,29,208,13.94%,5,10,2,0,17
Straight Party,0687,551,537,1088,2609,41.70%,549,156,9,1,715
Straight Party,0688,1001,617,1618,3504,46.18%,941,145,2,1,1089
Straight Party,0689,211,387,598,2346,25.49%,238,194,8,0,440
Straight Party,0690,926,1104,2030,5102,39.79%,1274,183,12,1,1470
Straight Party,0691,2,5,7,25,28.00%,3,3,0,0,6
Straight Party,0692,444,548,992,2847,34.84%,552,106,6,1,665
Straight Party,0693,167,91,258,666,38.74%,52,119,4,0,175
Straight Party,0694,262,120,382,845,45.21%,187,48,2,0,237
Straight Party,0695,232,193,425,1724,24.65%,209,94,0,0,303
Straight Party,0696,261,207,468,1982,23.61%,212,106,3,0,321
Straight Party,0697,605,613,1218,4413,27.60%,225,685,2,7,919
Straight Party,0698,448,489,937,3189,29.38%,74,655,2,2,733
Straight Party,0699,569,414,983,2343,41.95%,454,159,3,0,616
Straight Party,0700,255,251,506,1371,36.91%,340,29,0,1,370
Straight Party,0701,56,43,99,588,16.84%,51,26,1,0,78
Straight Party,0702,54,70,134,539,24.86%,15,93,0,0,108
Straight Party,0703,372,490,862,1882,45.80%,456,103,5,2,566
Straight Party,0704,569,599,1168,3064,38.12%,703,109,2,0,814
Straight Party,0705,114,113,227,1523,14.90%,19,166,0,1,186
Straight Party,0706,115,71,186,610,30.49%,57,53,1,0,111
Straight Party,0707,153,86,239,707,33.80%,108,33,3,0,144
Straight Party,0708,54,52,106,563,18.83%,37,39,2,0,78
Straight Party,0709,1375,947,2322,6848,33.91%,1083,599,16,2,1700
Straight Party,0710,371,462,833,2082,40.01%,287,171,4,2,464
Straight Party,0711,704,506,1210,3484,34.73%,530,249,8,6,793
Straight Party,0712,491,463,954,3670,25.99%,308,402,4,3,717
Straight Party,0713,228,262,490,1907,25.69%,194,154,3,2,353
Straight Party,0714,35,19,55,296,18.58%,18,15,0,0,33
Straight Party,0715,176,187,363,1408,25.78%,153,105,0,0,258
Straight Party,0716,449,407,856,2680,31.94%,447,141,8,2,598
Straight Party,0717,373,250,623,2002,31.12%,55,440,0,2,497
Straight Party,0718,1017,806,1823,4229,43.11%,918,263,8,0,1189
Straight Party,0719,247,137,384,1589,24.17%,184,91,2,0,277
Straight Party,0720,995,780,1775,4282,41.45%,984,233,14,1,1232
Straight Party,0721,755,532,1287,2870,44.84%,610,212,2,0,824
Straight Party,0722,873,494,1367,4479,30.52%,72,988,2,4,1066
Straight Party,0723,401,202,603,1858,32.45%,94,346,0,0,440
Straight Party,0724,151,128,279,766,36.42%,158,30,0,1,189
Straight Party,0725,423,237,660,2237,29.50%,208,240,2,1,451
Straight Party,0726,592,402,994,2087,47.63%,684,45,4,0,733
Straight Party,0727,338,290,628,2488,25.24%,147,279,3,1,430
Straight Party,0728,209,151,360,880,40.91%,150,69,1,0,220
Straight Party,0729,136,59,195,464,42.03%,84,48,0,1,133
Straight Party,0730,428,359,787,1747,45.05%,360,131,3,4,498
Straight Party,0731,58,27,85,352,24.15%,20,44,0,0,64
Straight Party,0732,441,324,765,1924,39.76%,363,146,9,2,520
Straight Party,0733,13,7,20,215,9.30%,7,8,1,0,16
Straight Party,0734,1558,962,2520,7005,35.97%,1342,465,16,3,1826
Straight Party,0735,5,0,6,18,33.33%,3,0,0,0,3
Straight Party,0736,3,1,4,22,18.18%,0,3,0,1,4
Straight Party,0737,11,7,18,51,35.29%,10,2,0,0,12
Straight Party,0738,139,100,239,1361,17.56%,36,157,0,1,194
Straight Party,0739,354,301,655,2955,22.17%,260,224,5,2,491
Straight Party,0740,96,98,194,939,20.66%,100,46,0,0,146
Straight Party,0741,0,1,1,0,0.00%,0,0,0,0,0
Straight Party,0742,0,11,11,0,0.00%,6,3,0,0,9
Straight Party,0743,15,18,33,210,15.71%,15,5,0,0,20
Straight Party,0744,456,392,848,2027,41.84%,388,150,5,0,543
Straight Party,0745,683,372,1055,2494,42.30%,455,202,3,4,664
Straight Party,0746,115,77,192,691,27.79%,70,62,0,0,132
Straight Party,0747,553,467,1020,3743,27.25%,337,341,10,0,688
Straight Party,0748,172,140,312,1403,22.24%,124,84,1,1,210
Straight Party,0749,30,17,47,377,12.47%,7,28,0,0,35
Straight Party,0750,111,96,207,767,26.99%,99,56,0,0,155
Straight Party,0751,925,964,1889,5084,37.16%,903,343,15,6,1267
Straight Party,0752,286,200,486,1483,32.77%,276,64,2,0,342
Straight Party,0753,55,73,128,259,49.42%,56,22,0,0,78
Straight Party,0754,0,0,0,0,0.00%,0,0,0,0,0
Straight Party,0755,443,584,1027,4294,23.92%,339,375,1,3,718
Straight Party,0756,251,177,428,1600,26.75%,123,184,3,1,311
Straight Party,0757,520,508,1028,4035,25.48%,134,634,3,3,774
Straight Party,0758,1114,692,1806,4096,44.09%,1075,156,14,2,1247
Straight Party,0759,465,413,878,2730,32.16%,423,192,9,0,624
Straight Party,0760,1432,639,2071,4367,47.42%,1297,135,5,2,1439
Straight Party,0761,548,253,801,1550,51.68%,388,97,4,1,490
Straight Party,0762,0,0,0,0,0.00%,0,0,0,0,0
Straight Party,0763,108,146,254,1212,20.96%,67,98,3,1,169
Straight Party,0764,1134,774,1908,5217,36.57%,880,443,8,0,1331
Straight Party,0765,648,426,1074,4055,26.49%,319,422,4,3,748
Straight Party,0766,40,25,65,392,16.58%,11,35,0,0,46
Straight Party,0767,10,2,12,86,13.95%,6,4,0,0,10
Straight Party,0768,1361,1015,2376,5857,40.57%,1470,213,6,0,1689
Straight Party,0769,54,16,70,183,38.25%,3,55,0,0,58
Straight Party,0770,31,25,56,323,17.34%,19,15,0,0,34
Straight Party,0771,324,254,578,2426,23.83%,247,145,5,4,401
Straight Party,0772,1792,851,2643,5709,46.30%,1464,275,8,1,1748
Straight Party,0773,473,312,785,2918,26.90%,163,395,3,1,562
Straight Party,0774,30,41,71,378,18.78%,11,41,1,0,53
Straight Party,0775,18,3,21,92,22.83%,0,18,0,0,18
Straight Party,0776,551,496,1047,3053,34.29%,455,257,7,1,720
Straight Party,0777,46,40,86,652,13.19%,25,42,0,0,67
Straight Party,0778,0,0,0,0,0.00%,0,0,0,0,0
Straight Party,0779,64,51,115,940,12.23%,31,58,1,0,90
Straight Party,0780,63,59,122,595,20.50%,58,34,0,0,92
Straight Party,0781,667,273,940,3603,26.09%,305,306,4,4,619
Straight Party,0782,368,370,738,2236,33.01%,337,162,2,1,502
Straight Party,0783,49,13,62,294,21.09%,36,10,0,1,47
Straight Party,0784,208,128,336,1079,31.14%,7,271,1,0,279
Straight Party,0785,28,25,53,296,17.91%,17,18,0,0,35
Straight Party,0786,100,98,198,1251,15.83%,50,90,1,0,141
Straight Party,0787,46,52,98,488,20.08%,27,41,0,0,68
Straight Party,0788,74,32,106,454,23.35%,33,40,1,0,74
Straight Party,0789,0,3,3,3,100.00%,0,1,0,0,1
Straight Party,0790,0,0,0,3,0.00%,0,0,0,0,0
Straight Party,0791,0,0,0,0,0.00%,0,0,0,0,0
Straight Party,0792,269,239,508,1865,27.24%,84,300,2,2,388
Straight Party,0793,448,247,695,2484,27.98%,306,176,3,1,486
Straight Party,0794,124,144,268,2710,9.89%,20,188,1,0,209
Straight Party,0795,90,125,215,1217,17.67%,62,90,1,0,153
Straight Party,0796,83,51,134,476,28.15%,54,36,0,0,90
Straight Party,0797,0,0,0,0,0.00%,0,0,0,0,0
Straight Party,0798,99,111,210,500,42.00%,56,68,0,2,126
Straight Party,0799,28,15,43,161,26.71%,6,26,0,0,32
Straight Party,0800,588,642,1230,2932,41.95%,615,199,2,1,817
Straight Party,0801,32,14,46,258,17.83%,10,21,0,0,31
Straight Party,0802,52,27,79,312,25.32%,8,34,2,1,45
Straight Party,0803,725,511,1236,2893,42.72%,679,172,6,0,857
Straight Party,0804,933,591,1524,4768,31.96%,726,332,10,3,1071
Straight Party,0805,765,533,1298,2866,45.29%,779,111,5,2,897
Straight Party,0806,0,0,0,0,0.00%,0,0,0,0,0
Straight Party,0807,211,204,415,2028,20.46%,59,212,3,2,276
Straight Party,0808,12,17,29,131,22.14%,4,10,0,1,15
Straight Party,0809,7,6,13,92,14.13%,3,6,0,0,9
Straight Party,0810,9,16,25,211,11.85%,2,14,0,0,16
Straight Party,0811,29,50,79,270,29.26%,16,36,0,0,52
Straight Party,0812,0,0,0,0,0.00%,0,0,0,0,0
Straight Party,0813,938,761,1699,5807,29.26%,635,585,11,2,1233
Straight Party,0814,673,533,1206,5102,23.64%,212,656,8,1,877
Straight Party,0815,0,0,0,0,0.00%,0,0,0,0,0
Straight Party,0816,10,0,10,73,13.70%,3,6,0,0,9
Straight Party,0817,0,0,0,0,0.00%,0,0,0,0,0
Straight Party,0818,86,39,125,616,20.29%,23,72,0,1,96
Straight Party,0819,64,30,94,240,39.17%,35,22,1,0,58
Straight Party,0820,0,0,0,0,0.00%,0,0,0,0,0
Straight Party,0821,124,120,244,1242,19.65%,21,171,1,2,195
Straight Party,0822,332,167,499,1535,32.51%,7,402,0,1,410
Straight Party,0823,821,564,1385,5087,27.23%,587,362,11,3,963
Straight Party,0824,428,282,710,2700,26.30%,100,404,2,3,509
Straight Party,0825,0,0,0,0,0.00%,0,0,0,0,0
Straight Party,0826,73,50,123,358,34.36%,41,25,0,1,67
Straight Party,0827,61,98,159,979,16.24%,57,59,0,3,119
Straight Party,0828,542,388,930,1916,48.54%,558,73,6,1,638
Straight Party,0829,54,22,76,264,28.79%,13,39,0,0,52
Straight Party,0830,0,0,0,2,0.00%,0,0,0,0,0
Straight Party,0831,0,0,0,0,0.00%,0,0,0,0,0
Straight Party,0832,34,28,62,352,17.61%,14,31,1,0,46
Straight Party,0833,0,1,1,20,5.00%,0,1,0,0,1
Straight Party,0834,0,0,0,0,0.00%,0,0,0,0,0
Straight Party,0835,38,19,57,290,19.66%,10,23,0,0,33
Straight Party,0836,3,0,3,19,15.79%,0,0,0,0,0
Straight Party,0837,0,0,0,0,0.00%,0,0,0,0,0
Straight Party,0838,0,0,0,0,0.00%,0,0,0,0,0
Straight Party,0839,136,118,254,1128,22.52%,32,134,5,1,172
Straight Party,0840,381,174,555,1705,32.55%,141,261,0,1,403
Straight Party,0841,0,0,0,0,0.00%,0,0,0,0,0
Straight Party,0842,421,434,855,3259,26.24%,291,291,2,2,586
Straight Party,0843,0,1,1,0,0.00%,0,1,0,0,1
Straight Party,0844,1,0,1,11,9.09%,0,1,0,0,1
Straight Party,0845,54,9,63,134,47.01%,30,17,0,0,47
Straight Party,0846,23,24,47,229,20.52%,1,36,1,0,38
Straight Party,0847,306,211,517,2015,25.66%,106,274,3,2,385
Straight Party,0848,490,266,756,1856,40.73%,147,355,2,1,505
Straight Party,0849,201,291,492,2124,23.16%,133,213,3,0,349
Straight Party,0850,45,41,87,210,41.43%,19,37,0,1,57
Straight Party,0851,1029,657,1686,4709,35.80%,869,325,11,4,1209
Straight Party,0852,0,0,0,1,0.00%,0,0,0,0,0
Straight Party,0853,575,620,1296,2882,44.97%,712,135,7,0,854
Straight Party,0854,15,26,41,172,23.84%,4,26,1,1,32
Straight Party,0855,5,9,14,16,87.50%,4,7,0,0,11
Straight Party,0856,0,1,1,0,0.00%,0,1,0,0,1
Straight Party,0857,0,0,0,1,0.00%,0,0,0,0,0
Straight Party,0858,63,34,97,343,28.28%,2,82,0,0,84
Straight Party,0859,157,106,263,890,29.55%,48,148,1,0,197
Straight Party,0860,0,0,0,0,0.00%,0,0,0,0,0
Straight Party,0861,315,199,514,1842,27.90%,60,330,0,0,390
Straight Party,0862,0,0,0,0,0.00%,0,0,0,0,0
Straight Party,0863,101,54,155,584,26.54%,7,132,0,0,139
Straight Party,0864,193,299,492,2569,19.15%,98,266,3,3,370
Straight Party,0865,2,3,5,21,23.81%,0,5,0,0,5
Straight Party,0866,0,0,0,0,0.00%,0,0,0,0,0
Straight Party,0867,0,0,0,0,0.00%,0,0,0,0,0
Straight Party,0868,236,271,507,2326,21.80%,116,247,4,1,368
Straight Party,0869,53,39,92,470,19.57%,17,49,1,0,67
Straight Party,0870,0,0,0,0,0.00%,0,0,0,0,0
Straight Party,0871,1,0,1,3,33.33%,0,1,0,0,1
Straight Party,0872,5,3,8,59,13.56%,4,3,0,0,7
Straight Party,0873,98,75,173,737,23.4,7%,33,93,3,0,129
Straight Party,0874,764,707,1471,3223,45.64%,813,157,4,0,974
Straight Party,0875,905,527,1432,5147,27.82%,507,517,8,2,1034
Straight Party,0876,700,641,1341,3265,41.07%,781,162,5,1,949
Straight Party,0877,476,382,858,3032,28.30%,269,348,4,5,626
Straight Party,0878,428,354,782,1666,46.94%,462,55,2,2,521
Straight Party,0879,407,294,701,2667,26.28%,258,224,6,0,488
Straight Party,0880,543,447,990,2352,42.09%,609,86,1,3,699
Straight Party,0881,596,540,1136,4479,25.36%,295,550,3,3,851
Straight Party,0882,426,291,717,2422,29.60%,304,174,3,1,482
Straight Party,0883,643,702,1345,5408,24.87%,164,841,4,2,1011
Straight Party,0884,57,25,82,377,21.75%,6,62,0,1,69
Straight Party,0885,552,368,930,2619,35.51%,413,248,7,1,669
Straight Party,0886,128,108,236,675,34.96%,80,40,1,0,121
Straight Party,0887,51,67,118,418,28.23%,31,24,2,0,57
Straight Party,0888,0,3,3,0,0.00%,2,1,0,0,3
Straight Party,0889,14,0,14,57,24.56%,4,5,0,0,9
Straight Party,0890,164,103,267,1095,24.38%,53,91,0,0,144
Straight Party,0891,320,243,563,1331,42.30%,119,191,1,0,311
Straight Party,0892,115,86,201,808,24.88%,42,74,3,1,120
Straight Party,0893,0,2,2,6,33.33%,0,2,0,0,2
Straight Party,0894,0,3,3,0,0.00%,1,0,0,0,1
Straight Party,0895,156,286,442,793,55.74%,90,98,0,0,188
Straight Party,0896,372,297,669,1459,45.85%,130,201,2,0,333
Straight Party,0897,253,297,550,1701,32.33%,230,139,4,0,373
Straight Party,0898,0,0,0,3,0.00%,0,0,0,0,0
Straight Party,0899,2,0,2,8,25.00%,0,2,0,0,2
Straight Party,0900,0,2,2,1,0,20.00%,1,1,0,0,2
Straight Party,0901,0,0,0,0,0.00%,0,0,0,0,0
Straight Party,0902,396,486,882,2139,41.23%,303,177,5,4,489
Straight Party,0903,3,7,1,0,50,20.00%,1,4,0,0,5
Straight Party,0904,1,0,1,7,14.29%,0,0,0,0,0
Straight Party,0905,123,100,223,904,24.67%,73,84,1,0,158
Straight Party,0906,8,6,14,25,56.00%,4,2,0,1,7
Straight Party,0907,12,19,31,181,17.13%,5,22,0,0,27
Straight Party,0908,0,1,1,0,0.00%,0,0,0,0,0
Straight Party,0909,2,1,3,1,8,16.67%,0,3,0,0,3
Straight Party,0910,25,24,49,217,22.58%,14,20,0,0,34
Straight Party,0911,118,60,178,551,32.30%,83,25,0,1,109
Straight Party,0912,316,201,517,1273,40.61%,250,92,3,0,345
Straight Party,091,3,0,0,0,0,0.00%,0,0,0,0,0
Straight Party,0914,169,179,348,701,49.64%,216,26,3,0,245
Straight Party,091,5,0,0,0,0,0.00%,0,0,0,0,0
Straight Party,0916,417,240,657,1491,44.06%,430,62,3,0,495
Straight Party,0917,178,62,240,483,49.69%,109,38,1,0,148
Straight Party,0918,304,168,472,883,53.45%,230,45,1,0,276
Straight Party,091,9,0,0,0,3,0.00%,0,0,0,0,0
Straight Party,0920,22,12,34,71,47.89%,19,6,0,0,25
Straight Party,0921,32,15,47,119,39.50%,26,8,0,0,34
Straight Party,0922,0,0,0,0,0.00%,0,0,0,0,0
Straight Party,0923,470,137,607,1511,40.17%,350,92,2,0,444
Straight Party,0924,0,0,0,0,0.00%,0,0,0,0,0
Straight Party,0925,0,0,0,0,0.00%,0,0,0,0,0
Straight Party,0926,171,128,299,796,37.56%,171,43,0,0,214
Straight Party,0927,44,30,74,270,27.41%,21,31,0,0,52
Straight Party,0928,3,0,3,8,37.50%,0,2,0,0,2
Straight Party,0929,0,0,0,0,0.00%,0,0,0,0,0
Straight Party,0930,109,54,163,584,27.91%,4,130,0,0,134
Straight Party,0931,30,40,70,130,53.85%,20,10,0,0,30
Straight Party,0932,0,0,0,0,0.00%,0,0,0,0,0
Straight Party,0933,115,85,200,627,31.90%,37,102,2,0,141
Straight Party,0934,2,0,2,63,3.17%,1,1,0,0,2
Straight Party,0935,3,2,5,54,9.26%,1,1,0,1,3
Straight Party,0936,8,2,10,81,12.35%,2,4,0,0,6
Straight Party,0937,0,0,0,0,0.00%,0,0,0,0,0
Straight Party,0938,30,14,44,231,19.05%,8,24,0,0,32
Straight Party,0939,0,0,0,2,0.00%,0,0,0,0,0
Straight Party,0940,0,0,0,10,0.00%,0,0,0,0,0
Straight Party,0941,9,10,19,25,76.00%,12,0,0,0,12
Straight Party,0942,53,27,80,156,51.28%,41,1,2,0,44
Straight Party,0943,166,80,246,547,44.97%,106,32,0,0,138
Straight Party,0944,20,4,24,45,53.33%,13,0,0,0,13
Straight Party,0945,1,2,3,17,17.65%,1,2,0,0,3
Straight Party,0946,0,1,1,13,7.69%,0,1,0,0,1
Straight Party,0947,177,246,423,799,52.94%,146,93,0,0,239
Straight Party,0948,0,14,14,1,1400.00%,5,1,0,0,6
Straight Party,0949,34,27,61,193,31.61%,22,17,0,0,39
Straight Party,0950,0,0,0,1,0.00%,0,0,0,0,0
Straight Party,0951,33,30,63,277,22.74%,14,31,0,0,45
Straight Party,0952,18,15,33,71,46.48%,6,4,0,0,10
Straight Party,0953,18,9,27,275,9.82%,4,16,1,0,21
Straight Party,0954,0,0,0,1,0.00%,0,0,0,0,0
Straight Party,0955,3,2,5,19,26.32%,3,0,0,0,3
Straight Party,0956,2,4,6,11,54.55%,1,1,0,0,2
Straight Party,0957,97,95,192,562,34.16%,11,131,1,1,144
Straight Party,0958,81,129,210,1081,19.43%,37,120,1,0,158
Straight Party,0959,0,0,0,0,0.00%,0,0,0,0,0
Straight Party,0960,195,157,353,976,36.17%,52,195,3,0,250
Straight Party,0961,15,0,16,56,28.57%,0,11,0,0,11
Straight Party,0962,10,17,27,88,30.68%,2,14,0,0,16
Straight Party,0963,54,41,105,426,24.65%,43,31,0,1,75
Straight Party,0964,568,437,1005,2372,42.37%,469,236,4,0,709
Straight Party,0965,31,21,52,343,15.16%,23,15,0,1,39
Straight Party,0966,129,83,212,1148,18.47%,51,95,1,1,148
Straight Party,0967,15,48,63,165,38.18%,16,29,0,0,45
Straight Party,0968,119,30,149,692,21.53%,18,89,0,0,107
Straight Party,0969,156,73,229,604,37.91%,0,189,1,0,190
Straight Party,0970,83,36,119,731,16.28%,11,85,0,1,97
Straight Party,0971,11,8,19,147,12.93%,1,13,1,0,15
Straight Party,0972,5,8,14,31,45.16%,12,0,0,0,12
Straight Party,0973,24,19,43,111,38.74%,11,8,0,1,20
Straight Party,0974,57,36,93,299,31.10%,42,16,0,0,58
Straight Party,0975,55,30,85,193,44.04%,19,26,0,0,45
Straight Party,0976,58,62,130,683,19.03%,68,26,0,0,94
Straight Party,0977,50,43,93,572,16.26%,27,38,0,0,65
Straight Party,0978,77,79,156,546,28.57%,24,92,0,1,117
Straight Party,0979,2,6,8,27,29.63%,3,3,0,0,6
Straight Party,0980,280,321,601,1389,43.27%,343,78,2,0,423
Straight Party,0981,0,0,0,0,0.00%,0,0,0,0,0
Straight Party,0982,312,312,624,1567,39.82%,380,54,5,0,439
Straight Party,0983,12,21,33,161,20.50%,16,8,0,0,24
Straight Party,0984,18,9,27,192,14.06%,3,18,0,0,21
Straight Party,0985,117,63,180,351,51.28%,57,44,3,0,104
Straight Party,0986,43,30,73,463,15.77%,10,51,0,0,61
Straight Party,0987,231,90,321,1155,27.79%,20,234,1,2,257
Straight Party,0988,24,12,36,123,29.27%,28,1,0,0,29
Straight Party,0989,5,6,12,43,27.91%,4,2,1,0,7
Straight Party,0990,16,1,17,140,12.14%,5,6,0,0,11
Straight Party,0991,0,0,0,1,0.00%,0,0,0,0,0
Straight Party,0992,157,107,264,1048,25.19%,113,75,3,0,191
Straight Party,0993,159,101,270,568,47.54%,170,22,1,1,194
Straight Party,09946,5,11,25,44.00%,2,9,0,0,11
Straight Party,0995,296,156,452,1393,32.45%,21,343,2,0,366
Straight Party,0996,136,140,276,694,39.77%,114,59,2,1,176
Straight Party,0997,101,163,264,1656,15.94%,42,152,0,1,195
Straight Party,0998,5,1,6,57,10.53%,3,3,0,0,6
Straight Party,0999,17,10,27,68,39.71%,16,3,0,0,19
Straight Party,1000,42,6,48,405,11.85%,9,26,0,1,36
Straight Party,1001,228,136,364,1565,23.26%,67,205,0,3,275
Straight Party,1002,170,139,309,1744,17.72%,35,181,3,3,222
Straight Party,1003,1,0,1,0,0.00%,0,0,0,0,0
Straight Party,1004,111,139,250,654,38.23%,77,60,4,0,141
Straight Party,1005,0,8,8,0,0.00%,2,1,1,0,4
Straight Party,1006,1,0,1,5,20.00%,1,0,0,0,1
Straight Party,1007,208,188,396,1547,25.60%,66,217,2,0,285
Straight Party,1008,32,12,44,151,29.14%,24,3,0,0,27
Straight Party,1009,0,0,0,9,0.00%,0,0,0,0,0
Straight Party,1010,59,35,94,459,20.48%,12,58,0,0,70
Straight Party,1011,8,1,9,26,34.62%,2,2,0,0,4
Straight Party,1012,134,201,335,1365,24.54%,81,186,0,1,268
Straight Party,1013,0,6,6,58,10.34%,2,2,0,0,4
Straight Party,1014,4,6,10,31,32.26%,1,8,0,0,9
Straight Party,1015,5,4,9,25,36.00%,2,4,0,0,6
Straight Party,1016,252,212,464,1691,27.44%,176,141,5,0,322
Straight Party,1017,61,44,105,330,31.82%,24,50,1,0,75
Straight Party,1018,93,64,157,494,31.78%,51,55,0,0,106
Straight Party,1019,130,107,237,1456,16.28%,8,185,1,1,195
Straight Party,1020,0,0,0,1,0.00%,0,0,0,0,0
Straight Party,1021,0,0,0,2,0.00%,0,0,0,0,0
Straight Party,1022,97,79,176,441,39.91%,108,22,2,0,132
Straight Party,1023,431,315,746,2026,36.82%,387,122,2,2,513
Straight Party,1024,55,61,116,249,46.59%,42,24,0,1,67
Straight Party,1025,0,1,1,14,7.14%,1,0,0,0,1
Straight Party,1026,0,0,0,0,0.00%,0,0,0,0,0
Straight Party,1027,1,0,1,8,12.50%,0,0,0,0,0
Straight Party,1028,0,0,0,0,0.00%,0,0,0,0,0
Straight Party,1029,538,719,1257,2927,42.94%,765,125,5,1,896
Straight Party,1030,231,151,382,785,48.66%,268,26,1,0,295
Straight Party,1031,59,71,130,792,16.41%,31,77,0,0,108
Straight Party,1032,31,25,56,244,22.95%,25,10,0,1,36
Straight Party,1033,0,0,0,0,0.00%,0,0,0,0,0
Straight Party,1034,0,0,0,0,0.00%,0,0,0,0,0
Straight Party,1035,2,4,6,138,4.35%,1,3,0,0,4
Straight Party,1036,65,24,89,449,19.82%,61,10,0,0,71
Straight Party,1037,19,11,30,76,39.47%,16,6,0,0,22
Straight Party,1038,62,6,68,327,20.80%,7,50,0,0,57
Straight Party,1039,2,0,2,25,8.00%,0,2,0,0,2
Straight Party,1040,91,66,157,771,20.36%,51,45,2,0,98
Straight Party,1041,0,2,2,0,0.00%,0,1,0,0,1
Straight Party,1042,105,67,172,521,33.01%,41,90,2,1,134
Straight Party,1043,5,6,12,33,36.36%,2,8,0,0,10
Straight Party,1044,16,6,22,55,40.00%,3,11,0,0,14
Straight Party,1045,197,173,370,1788,20.69%,36,246,1,1,284
Straight Party,1046,11,5,16,62,25.81%,0,14,0,0,14
Straight Party,1047,255,186,441,1568,28.13%,120,201,2,1,324
Straight Party,1048,1,0,1,17,5.88%,0,0,0,0,0
Straight Party,1049,14,45,59,290,20.34%,16,31,0,0,47
Straight Party,1050,60,63,123,537,22.91%,27,67,0,0,94
Straight Party,1051,0,31,31,0,0.00%,14,5,0,0,19
Straight Party,1052,0,0,0,0,0.00%,0,0,0,0,0
Straight Party,1053,0,0,0,0,0.00%,0,0,0,0,0
Straight Party,1054,0,0,0,1,0.00%,0,0,0,0,0
Straight Party,1055,0,0,0,0,0.00%,0,0,0,0,0
Straight Party,1056,4,2,6,8,75.00%,0,1,0,0,1
Straight Party,1057,7,9,16,118,13.56%,1,11,0,0,12
Straight Party,1058,241,285,526,1243,42.32%,74,334,0,0,408
Straight Party,1059,3,3,6,28,21.43%,0,4,0,0,4
Straight Party,1060,5,2,7,42,16.67%,4,2,0,0,6
Straight Party,1061,332,184,516,1716,30.07%,196,159,3,0,358
Straight Party,1062,17,6,23,201,11.44%,4,13,0,0,17
Straight Party,1063,66,59,125,857,14.59%,13,87,1,0,101
Straight Party,1064,25,11,36,119,30.25%,24,5,0,0,29
Straight Party,1065,1,0,1,28,3.57%,0,1,0,0,1
Straight Party,1066,72,0,72,229,31.44%,2,52,0,0,54
Straight Party,1067,0,0,0,0,0.00%,0,0,0,0,0
Straight Party,1068,22,8,30,121,24.79%,11,14,0,0,25
Straight Party,1069,434,256,690,2580,26.74%,205,226,1,1,433
Straight Party,Totals:,379282,308736,688018,2044361,,254006,210018,2922,1180,468126
