Office,Precinct,Early Ballots Cast,Election Ballots Cast,Total Ballots Cast,Registered Voters,Percent Turnout,REP Robert Talton,DEM Vince Ryan,Totals
County Attorney,0001,808,518,1322,2155,81.35%,428,808,1234
County Attorney,0002,753,407,1180,1890,81,38%,535,544,1079
County Attorney,0003,880,474,1134,1519,74.85%,422,822,1044
County Attorney,0004,878,534,1210,1852,73.24%,418,714,1132
County Attorney,0005,472,518,990,1378,71.95%,385,544,909
County Attorney,0008,1251,929,2180,3818,80.29%,1174,914,2088
County Attorney,0007,495,124,819,1058,58.51%,14,593,807
County Attorney,0008,881,430,1091,1708,83.95%,518,514,1032
County Attorney,0009,472,382,854,1738,49.19%,174,817,791
County Attorney,0010,499,245,744,1722,43.21%,182,513,875
County Attorney,0011,418,335,753,1830,41.15%,129,572,701
County Attorney,0012,227,133,380,718,50.28%,189,180,349
County Attorney,0013,1140,443,1583,2823,58.08%,1029,482,1511
County Attorney,0014,758,808,1384,1848,73.81%,871,808,1277
County Attorney,0015,1144,1018,2180,2808,78.98%,1150,842,1992
County Attorney,0018,457,175,832,947,88.74%,293,291,584
County Attorney,0017,348,328,872,1105,80.81%,243,380,823
County Attorney,0018,550,483,1033,1398,74.00%,481,517,978
County Attorney,0019,423,281,884,995,88.74%,240,395,835
County Attorney,0020,878,470,1148,3074,37.35%,325,734,1059
County Attorney,0021,419,230,849,1013,84.07%,143,472,815
County Attorney,0022,888,554,1442,2524,57.13%,195,1190,1385
County Attorney,0023,99,85,184,512,32.03%,33,121,154
County Attorney,0024,225,121,348,811,58.83%,34,293,327
County Attorney,0025,244,304,548,1082,51.80%,18,507,525
County Attorney,0028,483,488,949,1843,51.49%,242,833,875
County Attorney,0027,821,895,1518,3005,50.45%,338,1083,1421
County Attorney,0028,1448,485,1911,2782,88.89%,1093,725,1818
County Attorney,0029,418,577,995,2859,37.42%,315,829,944
County Attorney,0030,798,588,1388,2034,88.14%,335,973,1308
County Attorney,0031,911,528,1437,2518,57.07%,22,1372,1394
County Attorney,0032,798,558,1352,2171,82.28%,838,802,1238
County Attorney,0033,1479,843,2322,3540,85.59%,898,1238,2138
County Attorney,0034,1012,749,1781,2878,85.81%,449,1218,1887
County Attorney,0035,4,0,4,12,33.33%,1,3,4
County Attorney,0036,993,479,1472,2868,51.32%,363,1026,1389
County Attorney,0037,801,479,1280,1885,67.90%,405,787,1192
County Attorney,0038,1241,673,1914,2703,70.81%,636,1131,1767
County Attorney,0039,1063,723,1786,2726,65.52%,489,1186,1675
County Attorney,0040,239,135,374,524,71.37%,171,174,345
County Attorney,0041,560,284,844,1197,70.51%,356,458,814
County Attorney,0042,505,139,644,1121,57.45%,10,608,618
County Attorney,0043,520,372,892,1644,54.26%,403,438,841
County Attorney,0044,492,314,806,1976,40.79%,152,594,746
County Attorney,0045,2434,1138,3572,6031,59.23%,582,2847,3429
County Attorney,0046,538,433,971,2468,39.34%,148,772,920
County Attorney,0047,535,345,880,1624,54.19%,23,845,868
County Attorney,0048,371,193,564,992,56.85%,47,495,542
County Attorney,0049,1228,559,1897,3144,60.34%,1285,529,1814
County Attorney,0050,1901,1110,3011,4762,63.23%,1503,1389,2892
County Attorney,0051,657,349,1006,1568,64.16%,715,245,960
County Attorney,0052,970,620,1590,2299,69.16%,772,700,1472
County Attorney,0053,1102,884,1986,2808,70.73%,823,993,1816
County Attorney,0054,606,402,1008,1408,71.59%,479,453,932
County Attorney,0055,441,394,835,1305,63.98%,334,434,768
County Attorney,0056,548,307,855,1285,66.54%,535,265,800
County Attorney,0057,1273,956,2229,3062,72.80%,878,1200,2078
County Attorney,0058,881,747,1628,2521,64.58%,671,845,1516
County Attorney,0059,914,751,1665,2283,72.93%,654,893,1547
County Attorney,0060,839,664,1503,2263,66.42%,408,987,1395
County Attorney,0061,435,528,963,2250,42.80%,236,677,913
County Attorney,0062,419,528,947,2190,43.24%,186,679,865
County Attorney,0063,674,400,1074,1784,60.20%,826,202,1028
County Attorney,0064,410,420,830,2090,39.71%,148,631,779
County Attorney,0065,404,532,936,2178,42.98%,167,716,883
County Attorney,0066,172,279,451,1090,41.38%,63,354,417
County Attorney,0067,664,574,1238,2742,45.15%,247,898,1145
County Attorney,0068,1198,486,1684,2782,60.53%,28,1599,1627
County Attorney,0069,218,284,502,1303,38.53%,82,371,453
County Attorney,0070,1633,726,2359,3142,75.08%,1327,882,2209
County Attorney,0071,1419,948,2367,3662,64.64%,1169,1034,2203
County Attorney,0072,441,562,1003,1882,53.29%,256,664,920
County Attorney,0073,499,496,995,1494,66.60%,534,399,933
County Attorney,0074,2212,530,2742,3632,75.50%,2003,570,2573
County Attorney,0075,481,370,851,1329,64.03%,314,479,793
County Attorney,0076,814,589,1383,2328,59.41%,732,565,1297
County Attorney,0077,168,81,249,565,44.07%,50,184,234
County Attorney,0078,359,344,703,1479,47.53%,192,445,637
County Attorney,0079,511,717,1228,2959,41.50%,211,916,1127
County Attorney,0080,1159,481,1640,2712,60.47%,326,1233,1559
County Attorney,0081,540,309,849,1839,46.17%,250,542,792
County Attorney,0082,1353,816,2169,3284,66.05%,1575,501,2076
County Attorney,0083,2825,1181,3806,5598,67.99%,1743,1919,3662
County Attorney,0084,444,346,790,1389,56.88%,543,217,760
County Attorney,0085,730,548,1278,2079,61.47%,26,1192,1218
County Attorney,0086,1054,689,1743,2637,66.10%,775,842,1617
County Attorney,0087,1222,861,2083,2749,75.77%,1165,745,1910
County Attorney,0088,235,162,397,678,58.55%,248,135,383
County Attorney,0089,342,454,796,1104,72.10%,397,346,743
County Attorney,0090,1498,958,2456,3571,68.78%,1745,585,2330
County Attorney,0091,466,333,799,1248,64.02%,474,294,768
County Attorney,0092,1105,534,1639,2228,73.56%,1068,467,1535
County Attorney,0093,782,643,1425,3295,43.25%,504,837,1341
County Attorney,0094,148,104,252,537,46.93%,49,189,238
County Attorney,0095,1884,871,2355,3179,74.08%,1543,678,2221
County Attorney,0096,364,237,601,1241,48.43%,53,530,583
County Attorney,0097,2393,764,3157,4566,69.14%,2237,765,3002
County Attorney,0098,874,607,1481,2403,61.63%,1178,240,1418
County Attorney,0099,568,311,879,2040,43.09%,375,468,843
County Attorney,0100,427,324,751,1754,42.82%,324,395,719
County Attorney,0101,203,186,389,941,41.34%,82,298,380
County Attorney,0102,493,268,761,1910,39.84%,192,543,735
County Attorney,0103,1915,1065,2980,4751,62.72%,1521,1327,2848
County Attorney,0104,992,238,1230,1847,66.59%,25,1171,1196
County Attorney,0105,462,453,915,2153,42.50%,215,635,850
County Attorney,0106,49,37,86,284,30.28%,40,41,81
County Attorney,0107,412,441,853,1905,44.78%,135,685,820
County Attorney,0108,1193,514,1707,3229,52.86%,876,750,1626
County Attorney,0109,1160,430,1590,2884,55.13%,24,1518,1542
County Attorney,0110,1465,589,2054,2853,71.99%,1195,754,1949
County Attorney,0111,1868,848,2716,3638,74.66%,1953,607,2560
County Attorney,0112,1262,668,1930,2894,66.69%,1316,526,1842
County Attorney,0113,1125,590,1715,2537,67.60%,947,684,1631
County Attorney,0114,1454,546,2000,2650,75.47%,1524,393,1917
County Attorney,0115,598,305,903,1764,51.19%,95,777,872
County Attorney,0116,1626,747,2373,3014,78.73%,1722,529,2251
County Attorney,0117,398,462,860,1878,45.79%,342,474,816
County Attorney,0118,460,148,608,743,81.83%,443,127,570
County Attorney,0119,1924,1265,3189,4892,65.19%,2450,633,3083
County Attorney,0120,1197,632,1829,2986,61.25%,1043,666,1709
County Attorney,0121,193,244,437,679,64.36%,281,137,418
County Attorney,0122,895,349,1244,2199,56.57%,34,1167,1201
County Attorney,0123,440,350,790,1356,58.26%,211,523,734
County Attorney,0124,3522,1281,4803,5952,80.70%,3727,874,4601
County Attorney,0125,896,534,1430,2281,62.69%,798,569,1367
County Attorney,0126,1630,407,2037,2799,72.78%,1704,248,1952
County Attorney,0127,854,182,1036,1703,60.83%,703,289,992
County Attorney,0128,936,736,1672,2257,74.08%,959,570,1529
County Attorney,0129,2294,1449,3743,5495,68.12%,2196,1337,3533
County Attorney,0130,1201,523,1724,2240,76.96%,1199,432,1631
County Attorney,0131,604,374,978,1721,56.83%,220,715,935
County Attorney,0132,1119,397,1516,2449,61.90%,27,1435,1462
County Attorney,0133,1083,940,2023,2605,77.66%,1103,758,1861
County Attorney,0134,419,392,811,1444,56.16%,340,427,767
County Attorney,0135,1424,634,2058,2750,74.84%,1205,700,1905
County Attorney,0136,981,451,1432,2111,67.84%,50,1336,1386
County Attorney,0137,305,193,498,740,67.30%,231,236,467
County Attorney,0138,661,259,920,1749,52.60%,19,864,883
County Attorney,0139,1290,747,2037,2746,74.18%,927,960,1887
County Attorney,0140,1311,683,1994,3104,64.24%,270,1615,1885
County Attorney,0141,181,143,324,872,37.16%,191,109,300
County Attorney,0142,212,171,383,870,44.02%,92,265,357
County Attorney,0143,2993,660,3653,4598,79.45%,2507,999,3506
County Attorney,0144,476,204,680,1143,59.49%,11,646,657
County Attorney,0145,663,245,908,1580,57.47%,15,876,891
County Attorney,0146,759,614,1373,1953,70.30%,560,732,1292
County Attorney,0147,1255,485,1740,2813,61.86%,190,1505,1695
County Attorney,0148,908,924,1832,2467,74.26%,689,1023,1712
County Attorney,0149,2859,1322,4181,6103,68.51%,1826,2192,4018
County Attorney,0150,539,207,746,1212,61.55%,17,712,729
County Attorney,0151,316,148,464,846,54.85%,22,422,444
County Attorney,0152,483,602,1085,2701,40.17%,212,811,1023
County Attorney,0153,328,437,765,1755,43.59%,177,534,711
County Attorney,0154,593,360,953,2133,44.68%,193,665,858
County Attorney,0155,1957,834,2791,4087,68.29%,1813,832,2645
County Attorney,0156,1427,457,1884,3134,60.11%,42,1766,1808
County Attorney,0157,881,382,1263,2311,54.65%,43,1187,1230
County Attorney,0158,1304,435,1739,3016,57.66%,23,1681,1704
County Attorney,0159,313,187,500,976,51.23%,62,415,477
County Attorney,0160,246,140,386,688,56.10%,12,357,369
County Attorney,0161,395,190,585,1030,56.80%,11,553,564
County Attorney,0162,232,262,494,1249,39.55%,137,308,445
County Attorney,0163,778,635,1413,3054,46.27%,378,881,1259
County Attorney,0164,505,304,809,1434,56.42%,8,779,787
County Attorney,0165,918,557,1475,2284,64.58%,875,525,1400
County Attorney,0166,281,311,592,1016,58.27%,192,363,555
County Attorney,0167,5,2,7,23,30.43%,0,7,7
County Attorney,0168,188,126,314,519,60.50%,6,294,300
County Attorney,0169,1059,433,1492,2531,58.95%,17,1442,1459
County Attorney,0170,481,353,834,1887,44.20%,397,381,778
County Attorney,0171,514,294,808,1613,50.09%,27,754,781
County Attorney,0172,161,147,308,600,51.33%,94,187,281
County Attorney,0173,1798,619,2417,3105,77.84%,1822,486,2308
County Attorney,0174,1554,767,2321,3159,73.47%,1514,665,2179
County Attorney,0175,1064,867,1931,2506,77.06%,876,926,1802
County Attorney,0176,626,530,1156,1581,73.12%,530,541,1071
County Attorney,0177,672,385,1057,1478,71.52%,594,397,991
County Attorney,0178,913,368,1281,1718,74.56%,772,424,1196
County Attorney,0179,449,321,770,1508,51.06%,323,399,722
County Attorney,0180,966,552,1518,2795,54.31%,28,1426,1454
County Attorney,0181,416,514,930,1968,47.26%,239,628,867
County Attorney,0182,1321,1081,2402,3289,73.03%,1339,855,2194
County Attorney,0183,970,943,1913,2451,78.05%,1140,622,1762
County Attorney,0184,214,256,470,969,48.50%,119,318,437
County Attorney,0185,592,494,1086,1910,56.86%,330,689,1019
County Attorney,0186,204,170,374,795,47.04%,38,311,349
County Attorney,0187,48,65,113,309,36.57%,26,82,108
County Attorney,0188,307,378,685,1616,42.39%,240,414,654
County Attorney,0189,492,473,965,1453,66.41%,486,399,885
County Attorney,0190,275,401,676,1720,39.30%,218,415,633
County Attorney,0191,196,313,509,1391,36.59%,172,312,484
County Attorney,0192,746,332,1078,2045,52.71%,34,1007,1041
County Attorney,0193,341,269,610,1050,58.10%,10,580,590
County Attorney,0194,704,504,1208,1735,69.63%,335,797,1132
County Attorney,0195,539,419,958,1721,55.67%,28,897,925
County Attorney,0196,121,55,176,323,54.49%,8,160,168
County Attorney,0197,1109,497,1606,2895,55.47%,35,1524,1559
County Attorney,0198,143,158,301,657,45.81%,7,284,291
County Attorney,0199,1407,773,2180,3159,69.01%,1591,483,2074
County Attorney,0200,1638,585,2223,3222,68.99%,946,1113,2059
County Attorney,0201,229,125,354,728,48.63%,11,334,345
County Attorney,0202,488,332,820,1479,55.44%,14,772,786
County Attorney,0203,266,156,422,900,46.89%,79,322,401
County Attorney,0204,1489,914,2403,3462,69.41%,1293,962,2255
County Attorney,0205,856,201,1057,1667,63.41%,21,1009,1030
County Attorney,0206,651,659,1310,2662,49.21%,388,839,1227
County Attorney,0207,409,310,719,1144,62.85%,235,431,666
County Attorney,0208,806,364,1170,2201,53.16%,285,814,1099
County Attorney,0209,0,4,4,0,0.00%,4,0,4
County Attorney,0210,1013,542,1555,2300,67.61%,167,1307,1474
County Attorney,0211,710,686,1396,2797,49.91%,464,830,1294
County Attorney,0212,218,314,532,1266,42.02%,91,414,505
County Attorney,0213,1603,939,2542,3308,76.84%,1842,544,2386
County Attorney,0214,798,544,1342,1795,74.76%,758,471,1229
County Attorney,0215,844,786,1630,2168,75.18%,895,625,1520
County Attorney,0216,784,320,1104,1917,57.59%,68,988,1056
County Attorney,0217,1396,651,2047,2637,77.63%,1172,710,1882
County Attorney,0218,690,608,1298,2274,57.08%,346,844,1190
County Attorney,0219,1117,587,1704,2654,64.20%,128,1489,1617
County Attorney,0220,711,353,1064,2360,45.08%,702,305,1007
County Attorney,0221,699,611,1310,2489,52.63%,510,710,1220
County Attorney,0222,1000,792,1792,2384,75.17%,735,903,1638
County Attorney,0223,1350,760,2110,3528,59.81%,570,1368,1938
County Attorney,0224,894,649,1543,2259,68.30%,645,781,1426
County Attorney,0225,1109,720,1829,3155,57.97%,740,1002,1742
County Attorney,0226,529,545,1074,2393,44.88%,208,773,981
County Attorney,0227,947,451,1398,1767,79.12%,934,362,1296
County Attorney,0228,583,165,748,1073,69.71%,28,699,727
County Attorney,0229,152,207,359,811,44.27%,93,248,341
County Attorney,0230,421,153,574,1096,52.37%,9,539,548
County Attorney,0231,562,471,1033,2219,46.55%,242,739,981
County Attorney,0232,685,546,1231,1696,72.58%,623,527,1150
County Attorney,0233,1826,1063,2889,4132,69.92%,1397,1275,2672
County Attorney,0234,2088,885,2973,3854,77.14%,2071,708,2779
County Attorney,0235,466,242,708,1305,54.25%,18,672,690
County Attorney,0236,779,342,1121,2144,52.29%,25,1050,1075
County Attorney,0237,793,441,1234,2181,56.58%,16,1190,1206
County Attorney,0238,640,422,1062,1901,55.87%,16,1010,1026
County Attorney,0239,765,357,1122,1997,56.18%,27,1061,1088
County Attorney,0240,1157,402,1559,2688,58.00%,15,1495,1510
County Attorney,0241,494,479,973,2296,42.38%,361,563,924
County Attorney,0242,363,323,686,1570,43.69%,352,306,658
County Attorney,0243,254,50,304,452,67.26%,2,294,296
County Attorney,0244,1100,656,1756,2912,60.30%,883,799,1682
County Attorney,0245,2340,1115,3455,5240,65.94%,2256,1057,3313
County Attorney,0246,1584,624,2208,2999,73.62%,1449,662,2111
County Attorney,0247,421,403,824,1607,51.28%,12,789,801
County Attorney,0248,408,405,813,2122,38.31%,180,589,769
County Attorney,0249,1028,481,1509,2676,56.39%,955,481,1436
County Attorney,0250,306,247,553,951,58.1,5%,7,537,544
County Attorney,0251,809,529,1338,2072,64.58%,53,1234,1287
County Attorney,0252,1111,356,1467,2350,62.43%,18,1406,1424
County Attorney,0253,923,325,1248,2252,55.42%,16,1212,1228
County Attorney,0254,220,282,502,1476,34.01%,116,354,470
County Attorney,0255,995,797,1792,2411,74.33%,759,929,1688
County Attorney,0256,1059,766,1825,3226,56.57%,676,1025,1701
County Attorney,0257,553,571,1124,2403,46.77%,253,824,1077
County Attorney,0258,1577,888,2465,3286,75.02%,1673,610,2283
County Attorney,0259,1,1210,460,1670,2408,69.35%,23,1608,1631
County Attorney,0260,420,290,710,1187,59.81%,361,313,674
County Attorney,0261,176,133,309,749,41.26%,95,199,294
County Attorney,0262,1470,906,2376,4232,56.14%,1289,910,2199
County Attorney,0263,1785,719,2504,3319,75.44%,1810,595,2405
County Attorney,0264,936,639,1575,2939,53.59%,796,664,1460
County Attorney,0265,1936,674,2610,3617,72.16%,1786,652,2438
County Attorney,0266,552,542,1094,2119,51.63%,466,574,1040
County Attorney,0267,294,305,599,1346,44.50%,266,292,558
County Attorney,0268,931,810,1741,2387,72.94%,960,625,1585
County Attorney,0269,1143,444,1587,1981,80.11%,1126,361,1487
County Attorney,0270,1401,870,2271,3517,64.57%,1209,918,2127
County Attorney,0271,1303,371,1674,2469,67.80%,16,1616,1632
County Attorney,0272,610,484,1094,2112,51.80%,388,650,1038
County Attorney,0273,1139,634,1773,2426,73.08%,1348,335,1683
County Attorney,0274,1049,364,1413,2063,68.49%,866,463,1329
County Attorney,0275,567,410,977,1730,56.47%,151,789,940
County Attorney,0276,1139,404,1543,2532,60.94%,9,1500,1509
County Attorney,0277,342,305,647,1473,43.92%,275,352,627
County Attorney,0278,756,607,1363,2405,56.67%,693,606,1299
County Attorney,0279,548,383,931,1899,49.03%,549,336,885
County Attorney,0280,303,360,663,1515,43.76%,216,406,622
County Attorney,0281,1087,903,1990,2610,76.25%,850,947,1797
County Attorney,0282,690,591,1281,1988,64.44%,710,513,1223
County Attorney,0283,0,0,0,0,0.00%,0,0,0
County Attorney,0284,1135,595,1730,3262,53.03%,606,1039,1645
County Attorney,0285,988,509,1497,2505,59.76%,106,1341,1447
County Attorney,0286,2657,1053,3710,5719,64.87%,305,3252,3557
County Attorney,0287,647,542,1189,1616,73.58%,586,528,1114
County Attorney,0288,1036,380,1416,2259,62.68%,18,1349,1367
County Attorney,0289,374,397,771,1510,51.06%,303,420,723
County Attorney,0290,577,429,1006,1567,64.20%,750,221,971
County Attorney,0291,541,298,839,1203,69.74%,375,420,795
County Attorney,0292,477,236,713,1272,56.05%,87,598,685
County Attorney,0293,620,557,1177,1733,67.92%,497,613,1110
County Attorney,0294,989,298,1287,2107,61.08%,10,1238,1248
County Attorney,0295,314,189,503,862,58.35%,5,485,490
County Attorney,0296,602,432,1034,1693,61.08%,559,389,948
County Attorney,0297,576,445,1021,1978,51.62%,361,595,956
County Attorney,0298,847,475,1322,2083,63.47%,689,552,1241
County Attorney,0299,328,213,541,1231,43.95%,164,342,506
County Attorney,0300,3013,922,3935,5040,78.08%,2947,769,3716
County Attorney,0301,450,655,1105,2397,46.10%,394,653,1047
County Attorney,0302,713,635,1348,2724,49.49%,710,565,1275
County Attorney,0303,1772,755,2527,3172,79.67%,1860,510,2370
County Attorney,0304,970,648,1618,2266,71.40%,805,705,1510
County Attorney,0305,1319,858,2177,3621,60.12%,780,1298,2078
County Attorney,0306,1013,323,1336,1847,72.33%,918,343,1261
County Attorney,0307,1242,876,2118,2931,72.26%,1412,601,2013
County Attorney,0308,444,238,682,1266,53.87%,172,474,646
County Attorney,0309,1385,612,1997,2529,78.96%,1504,379,1883
County Attorney,0310,517,348,965,1437,67.15%,612,298,910
County Attorney,0311,862,699,1561,2997,52.09%,631,776,1407
County Attorney,0312,1600,718,2318,3669,63.18%,1191,993,2184
County Attorney,0313,22,1,23,60,38.33%,12,8,20
County Attorney,0314,2494,1221,3715,5225,71.10%,2177,1381,3558
County Attorney,0315,711,479,1190,1618,73.55%,633,478,1111
County Attorney,0316,682,411,1093,1522,71.81%,538,472,1010
County Attorney,0317,551,336,887,1469,60.38%,251,600,851
County Attorney,0318,1708,611,2319,3531,65.68%,90,2143,2233
County Attorney,0319,965,290,1255,2081,60.31%,70,1135,1205
County Attorney,0320,464,300,764,1505,50.76%,316,407,723
County Attorney,0321,442,305,748,2029,36.87%,245,461,706
County Attorney,0322,397,237,634,1322,47.96%,153,465,618
County Attorney,0323,482,332,814,1719,47.35%,301,458,759
County Attorney,0324,967,718,1685,2339,72.04%,1001,566,1567
County Attorney,0325,656,397,1053,2251,46.78%,222,776,998
County Attorney,0326,202,128,330,678,48.67%,124,174,298
County Attorney,0327,725,244,970,1751,55.40%,13,925,938
County Attorney,0328,344,270,614,1361,45.11%,219,364,583
County Attorney,0329,405,307,712,1367,52.08%,207,456,663
County Attorney,0330,590,376,966,1849,52.24%,426,480,906
County Attorney,0331,0,1,1,0,0.00%,1,0,1
County Attorney,0332,23,4,27,128,21.09%,10,15,25
County Attorney,0333,1018,939,1957,2901,67.46%,1364,494,1858
County Attorney,0334,255,114,369,755,48.87%,70,286,356
County Attorney,0335,285,246,531,1227,43.28%,147,332,479
County Attorney,0336,1818,588,2406,3161,76.12%,197,2128,2325
County Attorney,0337,309,207,516,951,54.26%,84,418,502
County Attorney,0338,1540,824,2364,4673,50.59%,626,1595,2221
County Attorney,0339,369,373,742,1716,43.24%,146,531,677
County Attorney,0340,1778,833,2611,3717,70.24%,1885,584,2469
County Attorney,0341,246,316,562,1248,45.03%,137,398,535
County Attorney,0342,2029,1113,3142,5718,54.95%,422,2622,3044
County Attorney,0343,436,483,919,1904,48.27%,207,629,836
County Attorney,0344,395,245,640,1207,53.02%,19,593,612
County Attorney,0345,428,357,785,1708,45.96%,162,583,745
County Attorney,0346,1,2,3,1,300.00%,3,0,3
County Attorney,0347,1250,614,1864,3299,56.50%,1139,653,1792
County Attorney,0348,751,280,1031,1740,59.25%,721,270,991
County Attorney,0349,405,407,812,1315,61.75%,463,304,767
County Attorney,0350,1112,780,1892,2906,65.11%,719,1029,1748
County Attorney,0351,2495,793,3288,4537,72.47%,2544,630,3174
County Attorney,0352,1151,583,1734,3193,54.31%,1183,487,1670
County Attorney,0353,1544,703,2247,3697,60.78%,358,1801,2159
County Attorney,0354,1476,517,1993,3193,62.42%,413,1499,1912
County Attorney,0355,700,286,986,1384,71.24%,91,866,957
County Attorney,0356,1382,618,2000,2836,70.52%,1126,759,1885
County Attorney,0357,1633,709,2342,3371,69.47%,1674,552,2226
County Attorney,0358,740,464,1204,2297,52.42%,93,1066,1159
County Attorney,0359,706,482,1188,3008,39.49%,89,1059,1148
County Attorney,0360,969,515,1484,2190,67.76%,738,618,1356
County Attorney,0361,135,691,826,1585,52.11%,146,559,705
County Attorney,0362,2131,1200,3331,4952,67.27%,2350,815,3165
County Attorney,0363,1346,687,2033,3291,61.77%,864,1101,1965
County Attorney,0364,912,602,1514,2539,59.63%,727,716,1443
County Attorney,0365,734,245,979,1302,75.19%,74,874,948
County Attorney,0366,638,466,1104,2089,52.85%,224,836,1060
County Attorney,0367,328,212,540,1019,52.99%,91,431,522
County Attorney,0368,418,143,561,929,60.39%,143,401,544
County Attorney,0369,107,53,160,490,32.65%,57,97,154
County Attorney,0370,3143,1178,4321,5781,74.74%,3167,970,4137
County Attorney,0371,226,69,295,475,62.11%,5,282,287
County Attorney,0372,498,231,729,1215,60.00%,74,624,698
County Attorney,0373,61,16,77,159,48.43%,0,75,75
County Attorney,0374,139,187,326,748,43.58%,91,218,309
County Attorney,0375,577,524,1101,2607,42.23%,436,609,1045
County Attorney,0376,629,334,963,1916,50.26%,386,523,909
County Attorney,0377,1055,707,1762,2871,61.37%,1258,401,1659
County Attorney,0378,559,521,1080,1777,60.78%,659,381,1040
County Attorney,0379,800,338,1138,2017,56.42%,81,1006,1087
County Attorney,0380,2500,1183,3683,4753,77.49%,2026,1482,3508
County Attorney,0381,957,424,1381,2715,50.87%,543,769,1312
County Attorney,0382,276,231,507,841,60.29%,340,145,485
County Attorney,0383,599,493,1092,2076,52.60%,322,717,1039
County Attorney,0384,1172,505,1677,2596,64.60%,308,1308,1616
County Attorney,0385,1099,621,1720,2175,79.08%,1200,404,1604
County Attorney,0386,1464,460,1924,2872,66.99%,1340,506,1846
County Attorney,0387,1369,802,2171,3727,58.25%,1428,635,2063
County Attorney,0388,2780,1222,4002,5329,75.10%,2194,1639,3833
County Attorney,0389,283,261,544,975,55.79%,80,420,500
County Attorney,0390,644,368,1012,1565,64.66%,114,854,968
County Attorney,0391,856,355,1211,1805,67.09%,748,404,1152
County Attorney,0392,737,197,934,1441,64.82%,9,902,911
County Attorney,0393,346,318,664,1206,55.06%,279,344,623
County Attorney,0394,166,176,342,860,39.77%,137,186,323
County Attorney,0395,830,491,1321,1820,72.58%,869,370,1239
County Attorney,0396,1157,219,1376,2073,66.38%,15,1318,1333
County Attorney,0397,163,148,311,750,41.47%,118,172,290
County Attorney,0398,1438,840,2278,3816,59.70%,1078,1103,2181
County Attorney,0399,896,593,1489,2542,58.58%,695,738,1433
County Attorney,0400,1048,506,1554,2238,69.44%,1069,406,1475
County Attorney,0401,723,284,1007,1876,53.68%,40,941,981
County Attorney,0402,891,245,1136,1737,65.40%,47,1054,1101
County Attorney,0403,791,527,1318,1703,77.39%,657,551,1208
County Attorney,0404,778,552,1330,2589,51.37%,673,601,1274
County Attorney,0405,0,1,1,0,0.00%,0,1,1
County Attorney,0406,281,72,353,610,57.87%,4,331,335
County Attorney,0407,1317,1000,2317,3652,63.44%,1381,796,2177
County Attorney,0408,154,179,333,933,35.69%,135,182,317
County Attorney,0409,277,289,566,1371,41.28%,166,366,532
County Attorney,0410,337,102,439,849,51.71%,79,344,423
County Attorney,0411,542,462,1004,2302,43.61%,279,662,941
County Attorney,0412,193,74,267,433,61.66%,11,247,258
County Attorney,0413,1493,525,2018,3023,66.75%,724,1187,1911
County Attorney,0414,1452,593,2045,3457,59.16%,1397,513,1910
County Attorney,0415,950,633,1583,2124,74.53%,1038,447,1485
County Attorney,0416,1174,916,2090,3582,58.35%,1035,935,1970
County Attorney,0417,777,619,1396,2465,56.63%,607,722,1329
County Attorney,0418,1057,758,1815,3420,53.07%,645,1080,1725
County Attorney,0419,1006,578,1584,2697,58.73%,987,538,1525
County Attorney,0420,2174,1089,3263,4639,70.34%,2591,531,3122
County Attorney,0421,124,92,216,467,46.25%,44,164,208
County Attorney,0422,1456,585,2041,3345,61.02%,39,1948,1987
County Attorney,0423,190,309,499,894,55.82%,194,275,469
County Attorney,0424,435,1,57,592,888,66.67%,322,252,574
County Attorney,0425,227,234,461,875,52.69%,137,296,433
County Attorney,0426,415,283,698,1224,57.03%,367,278,645
County Attorney,0427,325,249,574,1115,51.48%,196,340,536
County Attorney,0428,1284,907,2191,4316,50.76%,616,1426,2042
County Attorney,0429,1091,777,1868,3929,47.54%,333,1397,1730
County Attorney,0430,403,335,738,1654,44.62%,147,534,681
County Attorney,0431,819,403,1222,3188,38.33%,297,848,1145
County Attorney,0432,311,271,582,1344,43.30%,156,395,551
County Attorney,0433,139,106,245,573,42.76%,42,189,231
County Attorney,0434,628,371,999,1386,72.08%,587,352,939
County Attorney,0435,1534,768,2302,3097,74.33%,1427,717,2144
County Attorney,0436,1334,709,2043,3012,67.83%,1138,766,1904
County Attorney,0437,951,542,1493,2007,74.39%,965,432,1397
County Attorney,0438,1046,387,1433,1802,79.52%,994,341,1335
County Attorney,0439,1526,905,2431,3416,71.17%,1611,660,2271
County Attorney,0440,1326,876,2202,2867,76.81%,1594,441,2035
County Attorney,0441,698,513,1211,1616,74.94%,824,310,1134
County Attorney,0442,1366,513,1879,2504,75.04%,1485,301,1786
County Attorney,0443,335,148,483,605,79.83%,318,133,451
County Attorney,0444,1258,731,1989,3172,62.70%,1137,727,1864
County Attorney,0445,860,443,1303,1938,67.23%,749,484,1233
County Attorney,0446,70,52,122,268,45.52%,42,73,115
County Attorney,0447,271,108,379,583,65.01%,124,228,352
County Attorney,0448,1239,869,2108,3081,68.42%,1161,791,1952
County Attorney,0449,62,37,99,164,60.37%,11,81,92
County Attorney,0450,856,537,1393,2622,53.13%,326,1008,1334
County Attorney,0451,1575,515,2090,2674,78.16%,1638,356,1994
County Attorney,0452,1109,639,1748,2810,62.21%,1259,423,1682
County Attorney,0453,559,475,1034,1885,54.85%,325,656,981
County Attorney,0454,1226,311,1537,2571,59.78%,12,1484,1496
County Attorney,0455,748,216,964,1679,57.42%,28,902,930
County Attorney,0456,1266,593,1859,3350,55.49%,940,822,1762
County Attorney,0457,0,0,0,0,0.00%,0,0,0
County Attorney,0458,908,271,1179,1893,62.28%,48,1098,1146
County Attorney,0459,1637,476,2113,2950,71.63%,1617,388,2005
County Attorney,0460,1250,402,1652,2346,70.42%,409,1175,1584
County Attorney,0461,1958,828,2786,3733,74.63%,1706,886,2592
County Attorney,0462,1318,865,2183,3367,64.84%,737,1315,2052
County Attorney,0463,1124,656,1780,2962,60.09%,680,1015,1695
County Attorney,0464,786,612,1398,2126,65.76%,908,420,1328
County Attorney,0465,1465,702,2167,3343,64.82%,1090,1008,2098
County Attorney,0466,2052,729,2781,4072,68.30%,1512,1169,2681
County Attorney,0467,478,229,707,1230,57.48%,158,514,672
County Attorney,0468,984,793,1777,3354,52.98%,499,1184,1683
County Attorney,0469,2039,638,2677,3779,70.84%,1971,564,2535
County Attorney,0470,443,323,766,1349,56.78%,525,201,726
County Attorney,0471,792,597,1389,2349,59.13%,1035,291,1326
County Attorney,0472,370,337,707,1027,68.84%,290,358,648
County Attorney,0473,914,442,1356,1827,74.22%,884,397,1281
County Attorney,0474,1146,766,1912,3006,63.61%,1288,530,1818
County Attorney,0475,485,473,958,1651,58.03%,401,500,901
County Attorney,0476,809,658,1467,2412,60.82%,827,584,1411
County Attorney,0477,1441,742,2183,3195,68.33%,1589,503,2092
County Attorney,0478,1959,898,2857,4150,68.84%,1797,918,2715
County Attorney,0479,1298,588,1886,2648,71.22%,1327,477,1804
County Attorney,0480,936,555,1491,2267,65.77%,998,412,1410
County Attorney,0481,1463,852,2315,3298,70.19%,1650,557,2207
County Attorney,0482,1963,836,2799,4129,67.79%,1877,808,2685
County Attorney,0483,1868,759,2627,4141,63.44%,1339,1155,2494
County Attorney,0484,2236,1008,3244,4594,70.61%,2224,877,3101
County Attorney,0485,2421,990,3411,4838,70.50%,2464,813,3277
County Attorney,0486,1843,805,2648,3572,74.13%,2001,536,2537
County Attorney,0487,1005,612,1617,3318,48.73%,444,1051,1495
County Attorney,0488,580,440,1020,1713,59.54%,323,618,941
County Attorney,0489,783,378,1161,1823,63.69%,310,792,1102
County Attorney,0490,876,439,1315,1944,67.64%,446,801,1247
County Attorney,0491,667,489,1156,1782,64.87%,611,473,1084
County Attorney,0492,1069,504,1573,2351,66.91%,778,694,1472
County Attorney,0493,858,400,1258,1804,69.73%,764,414,1178
County Attorney,0494,760,431,1191,2176,54.73%,138,1014,1152
County Attorney,0495,1120,494,1614,2284,70.67%,1082,446,1528
County Attorney,0496,496,571,1067,2086,51.15%,371,631,1002
County Attorney,0497,1123,303,1426,2226,64.06%,49,1325,1374
County Attorney,0498,759,499,1258,2123,59.26%,499,707,1206
County Attorney,0499,1301,517,1818,2304,78.91%,1249,468,1717
County Attorney,0500,1507,746,2253,3175,70.96%,1478,669,2147
County Attorney,0501,653,487,1140,1647,69.22%,416,633,1049
County Attorney,0502,1150,332,1482,2364,62.69%,1093,314,1407
County Attorney,0503,359,273,632,1363,46.37%,183,404,587
County Attorney,0504,1129,538,1667,2197,75.88%,1031,551,1582
County Attorney,0505,1209,829,2038,3654,55.77%,849,1065,1914
County Attorney,0506,1470,801,2271,3380,67.19%,350,1845,2195
County Attorney,0507,582,385,967,2435,39.71%,137,695,832
County Attorney,0508,946,760,1706,3248,52.52%,531,1043,1574
County Attorney,0509,1340,864,2204,3536,62.33%,1498,602,2100
County Attorney,0510,1492,682,2174,3511,61.92%,929,1123,2052
County Attorney,0511,0,8,8,0,0.00%,1,5,8
County Attorney,0512,1558,1127,2885,4582,58.80%,1188,1398,2584
County Attorney,0513,1805,507,2112,2752,78.74%,1528,495,2023
County Attorney,0514,1988,880,2828,3941,71.71%,2005,701,2708
County Attorney,0515,1892,708,2400,3173,75.84%,1885,424,2289
County Attorney,0518,2179,1088,3245,4934,85.77%,1537,1540,3077
County Attorney,0517,1208,853,1881,3320,58.05%,935,828,1781
County Attorney,0518,1478,919,2397,3755,83.83%,1438,829,2285
County Attorney,0519,1234,845,1879,2951,83.87%,1309,489,1798
County Attorney,0520,1542,857,2399,4084,59.03%,370,1951,2321
County Attorney,0521,1011,894,1705,2725,82.57%,834,788,1820
County Attorney,0522,1171,858,1829,2882,88.20%,1302,437,1739
County Attorney,0523,1338,889,2027,3080,88.24%,1298,597,1895
County Attorney,0524,1237,875,1912,3292,58.08%,540,1281,1821
County Attorney,0525,1380,810,1990,2947,87.53%,389,1544,1913
County Attorney,0528,187,171,338,731,48.24%,85,234,319
County Attorney,0527,80,24,104,589,18.28%,44,55,99
County Attorney,0528,38,12,48,92,52.17%,3,44,47
County Attorney,0529,1987,441,2428,3818,87.15%,1949,372,2321
County Attorney,0530,259,235,494,1198,41.30%,100,381,481
County Attorney,0531,872,113,785,1094,71.78%,589,157,748
County Attorney,0532,452,184,838,1039,81.21%,417,198,813
County Attorney,0533,317,207,524,1089,49.02%,258,240,498
County Attorney,0534,1858,875,2333,3795,81.48%,1882,588,2248
County Attorney,0535,80,94,174,421,41.33%,81,101,182
County Attorney,0538,1332,1195,2527,4578,55.22%,902,1500,2402
County Attorney,0537,1454,823,2277,2971,78.84%,1598,574,2172
County Attorney,0538,433,237,870,1282,52.28%,17,830,847
County Attorney,0539,28,209,235,71,330.99%,42,171,213
County Attorney,0540,888,380,1048,1491,70.15%,418,547,983
County Attorney,0541,1824,779,2803,4183,82.23%,335,2158,2491
County Attorney,0542,997,501,1498,2525,59.33%,75,1378,1453
County Attorney,0543,287,378,885,1528,43.52%,194,435,829
County Attorney,0544,92,53,145,318,45.80%,18,122,138
County Attorney,0545,1314,857,2171,3339,65.02%,1005,1062,2067
County Attorney,0546,4,4,8,30,26.67%,2,6,8
County Attorney,0547,877,647,1524,2408,63.29%,1008,441,1449
County Attorney,0548,720,476,1196,2129,56.18%,511,628,1139
County Attorney,0549,944,586,1530,2530,60.47%,203,1273,1476
County Attorney,0550,1134,629,1763,2847,61.92%,831,875,1706
County Attorney,0551,3088,1527,4615,6135,75.22%,3231,1179,4410
County Attorney,0552,1621,844,2465,3241,76.06%,1968,389,2357
County Attorney,0553,1465,951,2416,4355,55.48%,998,1312,2310
County Attorney,0554,562,340,902,1731,52.11%,136,711,847
County Attorney,0555,597,447,1044,2119,49.27%,162,834,996
County Attorney,0556,584,421,1005,2249,44.69%,200,757,957
County Attorney,0557,822,556,1378,2726,50.55%,417,854,1271
County Attorney,0558,1588,824,2412,4084,59.06%,732,1562,2294
County Attorney,0559,1787,899,2686,4633,57.98%,609,1930,2539
County Attorney,0560,172,289,461,1176,39.20%,87,339,426
County Attorney,0561,837,759,1596,3033,52.62%,853,665,1518
County Attorney,0562,201,146,347,645,53.80%,24,308,332
County Attorney,0563,1699,415,2114,2969,71.20%,1567,429,1996
County Attorney,0564,1150,713,1863,3096,60.17%,469,1259,1728
County Attorney,0565,315,194,509,1373,37.07%,85,390,475
County Attorney,0566,1122,478,1600,2950,54.24%,412,1118,1530
County Attorney,0567,672,394,1066,2198,48.50%,259,714,973
County Attorney,0568,1628,837,2465,3487,70.69%,1531,765,2296
County Attorney,0569,1294,865,2159,3249,66.45%,1095,920,2015
County Attorney,0570,525,409,934,1473,63.41%,390,462,852
County Attorney,0571,333,312,645,1758,36.69%,186,413,599
County Attorney,0572,1283,574,1857,2998,61.94%,811,948,1759
County Attorney,0573,577,368,945,1618,58.41%,10,910,920
County Attorney,0574,98,79,177,391,45.27%,18,146,164
County Attorney,0575,27,9,36,79,45.57%,31,4,35
County Attorney,0576,1050,552,1602,2671,59.98%,48,1504,1552
County Attorney,0577,231,113,344,573,60.03%,185,138,323
County Attorney,0578,745,553,1298,1689,76.85%,744,462,1206
County Attorney,0579,487,351,838,1806,46.40%,175,617,792
County Attorney,0580,429,146,575,1027,55.99%,12,549,561
County Attorney,0581,510,162,672,1041,64.55%,16,630,646
County Attorney,0582,614,256,870,1613,53.94%,46,797,843
County Attorney,0583,544,127,671,1248,53.77%,11,645,656
County Attorney,0584,392,139,531,971,54.69%,33,492,525
County Attorney,0585,934,304,1238,2403,51.52%,33,1169,1202
County Attorney,0585,1306,1189,2495,4230,58.98%,1472,930,2402
County Attorney,0587,933,465,1398,2174,64.31%,480,870,1350
County Attorney,0588,1536,871,2407,3468,69.41%,1649,666,2315
County Attorney,0589,1033,738,1771,3130,56.58%,902,800,1702
County Attorney,0590,1158,463,1621,2136,75.89%,1196,354,1550
County Attorney,0591,420,449,869,2114,41.11%,221,596,817
County Attorney,0592,370,288,658,1258,52.31%,146,482,628
County Attorney,0593,1148,999,2147,4059,52.89%,923,1112,2035
County Attorney,0594,1031,535,1566,2361,66.33%,429,1084,1513
County Attorney,0595,497,380,877,1647,53.25%,132,715,847
County Attorney,0596,945,690,1635,2848,57.41%,813,755,1568
County Attorney,0597,1067,719,1786,3267,54.67%,587,1123,1710
County Attorney,0598,335,103,438,724,60.50%,321,93,414
County Attorney,0599,1895,866,2761,4135,66.77%,905,1759,2664
County Attorney,0600,1383,869,2252,3820,58.95%,732,1407,2139
County Attorney,0601,2028,858,2886,3990,72.33%,2114,663,2777
County Attorney,0602,562,296,858,1237,69.36%,574,251,825
County Attorney,0603,1437,1163,2600,3917,66.38%,1521,983,2504
County Attorney,0604,1444,528,1972,2910,67.77%,1579,313,1892
County Attorney,0605,2227,889,3116,5251,59.34%,706,2275,2981
County Attorney,0606,420,122,542,1053,51.47%,5,519,524
County Attorney,0607,194,118,312,731,42.68%,19,278,297
County Attorney,0608,245,290,535,1256,42.60%,199,304,503
County Attorney,0609,1364,844,2208,3261,67.71%,1308,771,2079
County Attorney,0610,403,398,801,1825,43.89%,327,431,758
County Attorney,0611,1120,301,1421,2450,58.00%,37,1348,1385
County Attorney,0612,1700,579,2279,3272,69.65%,1659,492,2151
County Attorney,0613,495,309,804,1450,55.45%,116,657,773
County Attorney,0614,1631,812,2443,3932,62.13%,784,1556,2340
County Attorney,0615,931,404,1335,1926,69.31%,755,524,1279
County Attorney,0616,1352,970,2322,3378,68.74%,1544,662,2206
County Attorney,0617,1318,849,2167,3546,61.11%,736,1342,2078
County Attorney,0618,1920,1021,2941,5344,55.03%,1237,1587,2824
County Attorney,0619,2133,857,2990,4266,70.09%,2149,714,2863
County Attorney,0620,2382,856,3238,5271,61.43%,1477,1569,3046
County Attorney,0621,397,203,600,1173,51.15%,289,278,567
County Attorney,0622,1722,829,2551,4305,59.26%,1424,1008,2432
County Attorney,0623,1708,626,2334,3481,67.05%,1439,775,2214
County Attorney,0624,9,0,9,16,56.25%,5,4,9
County Attorney,0625,862,454,1316,1796,73.27%,698,517,1215
County Attorney,0626,1148,655,1803,2838,63.53%,847,860,1707
County Attorney,0627,795,647,1442,2964,48.65%,396,962,1358
County Attorney,0628,292,456,748,1600,46.75%,289,423,712
County Attorney,0629,175,127,302,629,48.01%,22,274,296
County Attorney,0630,2018,535,2553,3190,80.03%,222,2247,2469
County Attorney,0631,1489,392,1881,2733,68.83%,1285,503,1788
County Attorney,0632,12,9,21,231,9.09%,3,15,18
County Attorney,0633,1782,678,2460,3257,75.53%,1723,629,2352
County Attorney,0634,1020,734,1754,2922,60.03%,1056,616,1672
County Attorney,0635,1326,706,2032,3280,61.95%,1515,428,1943
County Attorney,0636,1791,974,2765,3881,71.24%,2311,353,2664
County Attorney,0637,739,509,1248,2471,50.51%,286,871,1157
County Attorney,0638,740,684,1424,2078,68.53%,91,1272,1363
County Attorney,0639,828,711,1539,2501,61.54%,1170,302,1472
County Attorney,0640,1382,723,2105,3548,59.33%,1166,844,2010
County Attorney,0641,1265,878,2143,3375,63.50%,1267,789,2056
County Attorney,0642,871,447,1318,1779,74.09%,1027,237,1264
County Attorney,0643,2157,994,3151,5310,59.34%,1161,1843,3004
County Attorney,0644,2123,1204,3327,5261,63.24%,2037,1127,3164
County Attorney,0645,1639,895,2534,4035,62.80%,1118,1291,2409
County Attorney,0646,708,456,1164,2163,53.81%,332,768,1100
County Attorney,0647,1770,1020,2790,5593,49.88%,666,1902,2568
County Attorney,0648,1590,668,2258,3197,70.63%,1528,641,2169
County Attorney,0649,1389,854,2243,4426,50.68%,589,1535,2124
County Attorney,0650,1328,939,2267,3151,71.95%,1601,577,2178
County Attorney,0651,2085,1070,3155,4931,63.98%,1906,1102,3008
County Attorney,0652,1049,653,1702,2633,64.64%,258,1386,1644
County Attorney,0653,0,8,8,0,0.00%,2,6,8
County Attorney,0654,2103,1344,3447,5765,59.79%,1726,1553,3279
County Attorney,0655,2612,1451,4063,6304,64.45%,2468,1383,3851
County Attorney,0656,1198,421,1619,2622,61.75%,42,1524,1566
County Attorney,0657,490,268,758,1200,63.17%,283,434,717
County Attorney,0658,985,708,1693,2824,59.95%,999,627,1626
County Attorney,0659,2141,1091,3232,4588,70.44%,2220,886,3106
County Attorney,0660,2460,932,3392,5048,67.19%,314,2961,3275
County Attorney,0661,1614,1012,2626,4179,62.84%,1349,1142,2491
County Attorney,0662,2477,999,3476,4807,72.31%,2725,630,3355
County Attorney,0663,1302,913,2215,3232,68.53%,1141,931,2072
County Attorney,0664,681,607,1288,2801,45.98%,259,965,1224
County Attorney,0665,951,394,1345,2007,67.02%,1059,222,1281
County Attorney,0666,0,1,1,0,0.00%,0,1,1
County Attorney,0657,989,547,1536,2181,70.43%,1127,332,1459
County Attorney,0668,927,655,1582,2458,64.36%,952,559,1511
County Attorney,0669,1606,823,2429,3243,74.90%,1646,680,2326
County Attorney,0670,1566,518,2084,2952,70.60%,1581,388,1969
County Attorney,0671,1090,773,1863,2942,63.32%,1044,717,1761
County Attorney,0672,2301,1078,3379,4710,71.74%,2175,1073,3248
County Attorney,0673,1376,643,2019,2988,67.57%,1552,378,1930
County Attorney,0674,2092,813,2905,4055,71.64%,2124,680,2804
County Attorney,0675,0,0,0,0,0.00%,0,0,0
County Attorney,0676,0,0,0,0,0.00%,0,0,0
County Attorney,0677,220,239,459,954,48.11%,119,314,433
County Attorney,0678,297,164,461,756,60.98%,285,145,430
County Attorney,0679,1466,661,2127,3331,63.85%,1553,470,2023
County Attorney,0680,56,22,78,181,43.09%,32,39,71
County Attorney,0681,1,0,1,5,20.00%,0,1,1
County Attorney,0682,1673,912,2585,4134,62.53%,1814,663,2477
County Attorney,0683,48,50,98,261,37.55%,22,70,92
County Attorney,0684,72,24,96,187,51.34%,55,33,88
County Attorney,0685,167,29,196,326,60.12%,83,102,185
County Attorney,0686,46,34,80,196,40.82%,16,59,75
County Attorney,0687,1084,641,1725,2497,69.08%,1117,501,1618
County Attorney,0688,1815,673,2488,3266,76.18%,1923,456,2379
County Attorney,0689,505,651,1156,2276,50.79%,517,550,1067
County Attorney,0690,1965,1116,3081,4184,73.64%,2351,589,2940
County Attorney,0691,10,2,12,34,35.29%,4,8,12
County Attorney,0692,999,717,1716,2626,65.35%,1219,413,1632
County Attorney,0693,303,116,419,651,64.36%,100,288,388
County Attorney,0694,420,137,557,817,68.18%,351,180,531
County Attorney,0695,454,320,774,1646,47.02%,457,283,740
County Attorney,0696,600,373,973,2098,46.38%,571,362,933
County Attorney,0697,1516,941,2457,4307,57.05%,534,1831,2365
County Attorney,0698,1137,659,1796,2948,60.92%,162,1569,1731
County Attorney,0699,1031,566,1597,2288,69.80%,973,499,1472
County Attorney,0700,531,287,818,1313,62.30%,631,144,775
County Attorney,0701,142,115,257,554,46.39%,123,121,244
County Attorney,0702,150,123,273,549,49.73%,29,231,260
County Attorney,0703,742,616,1358,1845,73.60%,921,346,1267
County Attorney,0704,1334,701,2035,2882,70.61%,1613,333,1946
County Attorney,0705,358,238,596,1520,39.21%,51,526,577
County Attorney,0706,222,135,357,529,67.49%,164,185,349
County Attorney,0707,284,136,420,707,59.41%,230,163,393
County Attorney,0708,109,95,204,568,35.92%,98,96,194
County Attorney,0709,2996,1297,4293,6239,68.81%,2469,1653,4122
County Attorney,0710,877,602,1479,2023,73.11%,818,550,1368
County Attorney,0711,1492,701,2193,3351,65.44%,1253,812,2065
County Attorney,0712,1200,858,2058,3348,61.47%,811,1186,1997
County Attorney,0713,665,436,1101,1827,60.26%,566,489,1055
County Attorney,0714,77,3,80,304,26.32%,50,26,76
County Attorney,0715,405,326,731,1380,52.97%,359,335,694
County Attorney,0716,977,622,1599,2670,59.89%,1095,435,1530
County Attorney,0717,826,362,1188,1927,61.65%,147,993,1140
County Attorney,0718,1844,1019,2863,4050,70.69%,1860,816,2676
County Attorney,0719,508,260,768,1617,47.50%,403,320,723
County Attorney,0720,1575,1044,2619,3903,67.10%,1835,693,2528
County Attorney,0721,1334,637,1971,2842,69.35%,1267,585,1852
County Attorney,0722,1892,642,2534,4357,58.16%,150,2293,2443
County Attorney,0723,747,329,1076,1760,61.14%,218,816,1034
County Attorney,0724,325,170,495,716,69.13%,319,150,469
County Attorney,0725,953,329,1282,2124,60.36%,496,722,1218
County Attorney,0726,1141,304,1445,1987,72.72%,1236,152,1388
County Attorney,0727,931,466,1397,2488,56.15%,327,1012,1339
County Attorney,0728,343,208,551,881,62.54%,291,232,523
County Attorney,0729,208,93,301,446,67.49%,168,120,288
County Attorney,0730,800,437,1237,1630,75.89%,779,374,1153
County Attorney,0731,121,36,157,373,42.09%,27,121,148
County Attorney,0732,701,543,1244,1895,65.65%,717,448,1165
County Attorney,0733,25,62,87,172,50.58%,29,50,79
County Attorney,0734,3209,1114,4323,5952,72.63%,2833,1330,4163
County Attorney,0735,9,0,9,23,39.1,3%,9,0,9
County Attorney,0736,6,1,7,21,33.33%,1,5,6
County Attorney,0737,25,5,30,53,56.60%,24,6,30
County Attorney,0738,470,219,689,1294,53.25%,81,583,664
County Attorney,0739,1005,490,1495,2872,52.05%,635,807,1442
County Attorney,0740,233,205,438,935,46.84%,227,193,420
County Attorney,0741,0,0,0,0,0.00%,0,0,0
County Attorney,0742,0,0,0,0,0.00%,0,0,0
County Attorney,0743,27,4,31,199,15.58%,12,17,29
County Attorney,0744,848,509,1357,2024,67.05%,837,442,1279
County Attorney,0745,1066,542,1608,2396,67.11%,980,542,1522
County Attorney,0746,230,151,381,707,53.89%,176,171,347
County Attorney,0747,1200,873,2073,3490,59.40%,942,1049,1991
County Attorney,0748,420,307,727,1319,55.12%,315,366,681
County Attorney,0749,99,57,156,359,43.45%,25,117,142
County Attorney,0750,264,147,411,720,57.08%,224,165,389
County Attorney,0751,1664,1254,2918,4451,65.56%,1887,894,2781
County Attorney,0752,571,277,848,1511,56.12%,593,216,809
County Attorney,0753,106,61,167,260,64.23%,107,55,162
County Attorney,0754,0,0,0,0,0.00%,0,0,0
County Attorney,0755,1048,896,1944,3569,54.47%,709,1139,1848
County Attorney,0756,582,300,882,1539,57.31%,288,552,840
County Attorney,0757,1416,690,2106,3498,60.21%,319,1730,2049
County Attorney,0758,1996,783,2779,3781,73.50%,2148,463,2611
County Attorney,0759,1109,590,1699,2625,64.72%,968,635,1603
County Attorney,0760,2346,647,2993,4154,72.05%,2425,423,2848
County Attorney,0761,917,219,1136,1464,77.60%,767,305,1072
County Attorney,0762,0,0,0,0,0.00%,0,0,0
County Attorney,0763,255,308,563,1184,47.55%,188,345,533
County Attorney,0764,2270,1050,3320,4931,67.33%,2038,1142,3180
County Attorney,0765,1390,815,2205,3967,55.58%,743,1368,2111
County Attorney,0766,71,92,163,383,42.56%,31,110,141
County Attorney,0767,20,15,35,90,38.89%,22,10,32
County Attorney,0768,2854,1159,4013,5364,74.81%,3079,773,3852
County Attorney,0769,117,5,122,161,75.78%,5,112,117
County Attorney,0770,58,48,106,262,40.46%,40,60,100
County Attorney,0771,701,537,1238,2378,52.06%,594,578,1172
County Attorney,0772,2927,1002,3929,5617,69.95%,2852,910,3762
County Attorney,0773,892,550,1442,2648,54.46%,331,1030,1361
County Attorney,0774,116,74,190,301,63.12%,42,144,186
County Attorney,0775,33,1,34,83,40.96%,0,33,33
County Attorney,0776,1113,741,1854,2855,64.94%,1047,726,1773
County Attorney,0777,83,123,206,642,32.09%,53,145,198
County Attorney,0778,0,0,0,0,0.00%,0,0,0
County Attorney,0779,295,221,516,1146,45.03%,154,329,483
County Attorney,0780,136,114,250,579,43.18%,105,128,233
County Attorney,0781,1152,655,1807,3716,48.63%,640,997,1637
County Attorney,0782,851,532,1383,2188,63.21%,818,483,1301
County Attorney,0783,103,43,146,265,55.09%,76,59,135
County Attorney,0784,428,156,584,1071,54.53%,5,559,564
County Attorney,0785,66,55,121,310,39.03%,63,57,120
County Attorney,0786,193,277,470,1297,36.24%,135,314,449
County Attorney,0787,154,76,230,487,47.23%,71,148,219
County Attorney,0788,156,58,214,481,44.49%,68,137,205
County Attorney,0789,3,1,4,4,100.00%,0,3,3
County Attorney,0790,1,0,1,4,25.00%,0,1,1
County Attorney,0791,0,0,0,0,0.00%,0,0,0
County Attorney,0792,549,409,958,1834,52.24%,207,702,909
County Attorney,0793,889,338,1227,2437,50.35%,685,495,1180
County Attorney,0794,575,484,1059,2602,40.70%,76,943,1019
County Attorney,0795,265,255,520,1207,43.08%,146,324,470
County Attorney,0796,145,92,237,485,48.87%,114,110,224
County Attorney,0797,0,0,0,0,0.00%,0,0,0
County Attorney,0798,176,263,439,496,88.51%,128,273,401
County Attorney,0799,65,12,77,146,52.74%,16,58,74
County Attorney,0800,1188,795,1983,2817,70.39%,1282,605,1887
County Attorney,0801,68,55,123,253,48.62%,40,76,116
County Attorney,0802,98,58,156,299,52.17%,29,117,146
County Attorney,0803,1305,530,1935,2718,71.19%,1397,449,1846
County Attorney,0804,1806,960,2766,4348,63.62%,1602,1024,2626
County Attorney,0805,1509,529,2038,2812,72.48%,1562,376,1938
County Attorney,0806,0,0,0,0,0.00%,0,0,0
County Attorney,0807,652,402,1054,2001,52.67%,155,852,1007
County Attorney,0808,41,26,67,84,79.76%,30,29,59
County Attorney,0809,216,27,86,31.40%,8,16,24
County Attorney,0810,30,48,78,215,36.28%,19,52,71
County Attorney,0811,39,106,145,271,53.51%,29,108,137
County Attorney,0812,0,0,0,0,0.00%,0,0,0
County Attorney,0813,1967,1258,3225,5423,59.47%,1509,1599,3108
County Attorney,0814,1772,955,2727,4503,60.56%,587,2029,2616
County Attorney,0815,0,0,0,0,0.00%,0,0,0
County Attorney,0816,20,13,33,76,43.42%,6,26,32
County Attorney,0817,0,0,0,0,0.00%,0,0,0
County Attorney,0818,134,101,235,527,44.59%,44,184,228
County Attorney,0819,97,45,142,238,59.66%,82,45,127
County Attorney,0820,0,0,0,0,0.00%,0,0,0
County Attorney,0821,354,203,557,1206,46.19%,43,492,535
County Attorney,0822,584,282,866,1544,56.09%,21,816,837
County Attorney,0823,1849,1015,2864,4710,60.81%,1436,1292,2728
County Attorney,0824,984,471,1455,2729,53.32%,307,1095,1402
County Attorney,0825,0,0,0,0,0.00%,0,0,0
County Attorney,0826,153,89,242,342,70.76%,129,99,228
County Attorney,0827,169,186,355,997,35.61%,129,208,337
County Attorney,0828,1074,343,1417,1875,75.57%,1093,255,1348
County Attorney,0829,107,56,163,266,61.28%,36,124,160
County Attorney,0830,0,0,0,1,0.00%,0,0,0
County Attorney,0831,0,0,0,0,0.00%,0,0,0
County Attorney,0832,109,46,155,351,44.16%,44,102,146
County Attorney,0833,8,1,9,20,45.00%,0,9,9
County Attorney,0834,0,0,0,0,0.00%,0,0,0
County Attorney,0835,87,53,140,292,47.95%,32,102,134
County Attorney,0836,8,3,11,19,57.89%,0,9,9
County Attorney,0837,0,0,0,0,0.00%,0,0,0
County Attorney,0838,0,0,0,0,0.00%,0,0,0
County Attorney,0839,353,240,593,1122,52.85%,103,451,554
County Attorney,0840,712,251,963,1621,59.41%,307,620,927
County Attorney,0841,0,2,2,0,0.00%,0,2,2
County Attorney,0842,987,715,1702,3091,55.06%,730,898,1628
County Attorney,0843,0,2,2,0,0.00%,0,2,2
County Attorney,0844,2,4,6,1,3,46.1,5%,1,4,5
County Attorney,0845,85,10,95,100,95.00%,54,34,88
County Attorney,0846,70,29,99,210,47.14%,5,91,96
County Attorney,0847,795,321,1116,1804,61.86%,288,782,1070
County Attorney,0848,782,431,1213,1873,64.76%,357,802,1159
County Attorney,0849,553,514,1067,2073,51.47%,334,665,999
County Attorney,0850,87,38,125,205,60.98%,48,72,120
County Attorney,0851,2192,816,3008,4317,69.68%,1895,969,2864
County Attorney,0852,0,4,4,2,200.00%,0,4,4
County Attorney,0853,1412,605,2017,2773,72.74%,1495,421,1916
County Attorney,0854,41,30,71,175,40.57%,6,63,69
County Attorney,0855,4,13,17,18,94.44%,9,8,17
County Attorney,0856,0,4,4,0,0.00%,1,2,3
County Attorney,0857,0,0,0,1,0.00%,0,0,0
County Attorney,0858,132,18,150,372,40.32%,4,141,145
County Attorney,0859,309,201,510,860,59.30%,103,396,499
County Attorney,0860,0,1,1,0,0.00%,0,1,1
County Attorney,0861,705,319,1024,1786,57.33%,172,824,996
County Attorney,0862,0,0,0,0,0.00%,0,0,0
County Attorney,0863,210,69,279,620,45.00%,10,262,272
County Attorney,0864,497,609,1106,2464,44.89%,254,792,1046
County Attorney,0865,9,2,11,23,47.83%,1,10,11
County Attorney,0866,0,0,0,0,0.00%,0,0,0
County Attorney,0867,0,0,0,0,0.00%,0,0,0
County Attorney,0868,573,586,1159,2292,50.57%,337,760,1097
County Attorney,0869,153,76,229,473,48.41%,29,192,221
County Attorney,0870,0,0,0,0,0.00%,0,0,0
County Attorney,0871,3,0,3,4,75.00%,0,3,3
County Attorney,0872,13,5,18,66,27.27%,9,7,16
County Attorney,0873,253,125,378,701,53.92%,90,281,371
County Attorney,0874,1534,748,2282,3107,73.45%,1694,486,2180
County Attorney,0875,1719,927,2646,4031,65.64%,1219,1324,2543
County Attorney,0876,1629,639,2268,3013,75.27%,1601,573,2174
County Attorney,0877,1030,542,1672,2480,67.42%,681,939,1620
County Attorney,0878,853,350,1203,1641,73.31%,969,181,1150
County Attorney,0879,890,527,1417,2334,60.71%,635,726,1361
County Attorney,0880,1068,472,1540,2007,76.73%,1137,329,1466
County Attorney,0881,1510,877,2387,3619,65.96%,744,1558,2302
County Attorney,0882,940,457,1397,2328,60.01%,744,595,1339
County Attorney,0883,1918,1042,2960,4651,63.64%,496,2376,2872
County Attorney,0884,118,37,155,330,46.97%,21,130,151
County Attorney,0885,1222,541,1763,2466,71.49%,1018,668,1686
County Attorney,0886,301,154,455,713,63.81%,214,197,411
County Attorney,0887,138,83,221,313,70.61%,119,78,197
County Attorney,0888,0,0,0,0,0.00%,0,0,0
County Attorney,0889,22,0,22,61,36.07%,13,8,21
County Attorney,0890,319,118,437,994,43.96%,156,253,409
County Attorney,0891,539,392,931,1413,65.89%,340,542,882
County Attorney,0892,193,130,323,696,46.41%,86,212,298
County Attorney,0893,1,0,1,5,20.00%,0,1,1
County Attorney,0894,0,31,31,0,0.00%,8,20,28
County Attorney,0895,335,325,660,784,84.1,8%,260,348,608
County Attorney,0896,670,303,973,1437,67.71%,351,552,903
County Attorney,0897,742,375,1117,1624,68.78%,596,473,1069
County Attorney,0898,0,0,0,2,0.00%,0,0,0
County Attorney,0899,4,0,4,8,50.00%,1,3,4
County Attorney,0900,5,0,5,12,41.67%,1,3,4
County Attorney,0901,0,0,0,0,0.00%,0,0,0
County Attorney,0902,865,621,1486,2065,71.96%,819,563,1382
County Attorney,0903,10,1,11,41,26.83%,7,3,10
County Attorney,0904,0,1,1,1,100.00%,0,1,1
County Attorney,0905,290,168,458,908,50.44%,163,255,418
County Attorney,0906,12,6,18,26,69.23%,8,10,18
County Attorney,0907,60,43,103,134,76.87%,20,82,102
County Attorney,0908,0,0,0,0,0.00%,0,0,0
County Attorney,0909,5,7,12,19,63.16%,6,4,10
County Attorney,0910,55,34,89,226,39.38%,30,51,81
County Attorney,0911,227,79,306,570,53.68%,193,98,291
County Attorney,0912,675,221,896,1235,72.55%,531,302,833
County Attorney,0913,0,0,0,0,0.00%,0,0,0
County Attorney,0914,169,67,236,221,106.79%,178,45,223
County Attorney,0915,0,0,0,0,0.00%,0,0,0
County Attorney,0916,604,182,786,1045,75.22%,629,123,752
County Attorney,0917,280,137,417,481,86.69%,277,112,389
County Attorney,0918,489,135,624,883,70.67%,449,133,582
County Attorney,0919,0,3,3,3,100.00%,1,2,3
County Attorney,0920,6,0,6,13,46.15%,6,0,6
County Attorney,0921,71,9,80,87,91.95%,61,18,79
County Attorney,0922,0,2,2,0,0.00%,1,1,2
County Attorney,0923,663,87,750,826,90.80%,561,161,722
County Attorney,0924,0,0,0,0,0.00%,0,0,0
County Attorney,0925,0,0,0,0,0.00%,0,0,0
County Attorney,0926,351,120,481,621,77.46%,361,101,462
County Attorney,0927,84,74,158,262,60.31%,76,74,150
County Attorney,0928,4,2,6,9,66.67%,0,6,6
County Attorney,0929,0,0,0,0,0.00%,0,0,0
County Attorney,0930,200,77,277,567,48.85%,3,266,269
County Attorney,0931,48,53,101,122,82.79%,48,44,92
County Attorney,0932,0,5,5,0,0.00%,1,4,5
County Attorney,0933,233,1,21,354,566,62.54%,90,254,344
County Attorney,0934,12,1,13,41,31.71%,5,8,13
County Attorney,0935,8,17,25,65,38.46%,11,13,24
County Attorney,0936,12,10,22,70,31.43%,7,12,19
County Attorney,0937,0,0,0,0,0.00%,0,0,0
County Attorney,0938,73,14,87,256,33.98%,25,59,84
County Attorney,0939,1,0,1,1,100.00%,0,1,1
County Attorney,0940,1,0,1,13,7.69%,0,1,1
County Attorney,0941,13,9,22,25,88.00%,19,2,21
County Attorney,0942,68,24,92,159,57.86%,69,16,85
County Attorney,0943,296,63,359,536,66.98%,235,93,328
County Attorney,0944,30,6,36,39,92.31%,25,8,33
County Attorney,0945,4,7,11,16,68.75%,0,9,9
County Attorney,0946,3,3,6,14,42.86%,0,4,4
County Attorney,0947,320,292,612,822,74.45%,300,258,558
County Attorney,0948,0,0,0,0,0.00%,0,0,0
County Attorney,0949,59,37,96,201,47.76%,44,47,91
County Attorney,0950,0,0,0,0,0.00%,0,0,0
County Attorney,0951,79,44,123,218,56.42%,26,95,121
County Attorney,0952,24,16,40,70,57.14%,18,20,38
County Attorney,0953,59,52,111,420,26.43%,7,103,110
County Attorney,0954,0,0,0,0,0.00%,0,0,0
County Attorney,0955,5,20,25,18,138.89%,15,9,24
County Attorney,0956,5,2,7,12,58.33%,5,2,7
County Attorney,0957,261,115,376,551,68.24%,55,309,364
County Attorney,0958,289,266,555,989,56.12%,114,412,526
County Attorney,0959,0,4,4,0,0.00%,0,4,4
County Attorney,0960,362,143,505,586,86.18%,136,353,489
County Attorney,0961,23,11,34,53,64.15%,7,27,34
County Attorney,0962,24,13,37,73,50.68%,8,25,33
County Attorney,0963,129,69,198,353,56.09%,104,79,183
County Attorney,0964,945,447,1392,1571,88.61%,830,513,1343
County Attorney,0965,93,27,120,355,33.80%,76,37,113
County Attorney,0966,305,160,465,1073,43.34%,125,315,440
County Attorney,0967,48,15,63,98,64.29%,25,36,61
County Attorney,0968,243,83,326,517,63.06%,62,255,317
County Attorney,0969,335,82,417,584,71.40%,3,399,402
County Attorney,0970,212,76,288,704,40.91%,29,240,269
County Attorney,0971,27,21,48,129,37.21%,1,47,48
County Attorney,0972,10,7,17,29,58.62%,11,5,16
County Attorney,0973,49,24,73,107,68.22%,37,34,71
County Attorney,0974,100,71,171,299,57.19%,102,61,163
County Attorney,0975,72,41,113,170,66.47%,49,55,104
County Attorney,0976,159,131,290,684,42.40%,163,109,272
County Attorney,0977,104,83,187,535,34.95%,67,111,178
County Attorney,0978,201,102,303,506,59.88%,49,244,293
County Attorney,0979,56,11,26,42.31%,10,1,11
County Attorney,0980,595,356,951,1323,71.88%,669,231,900
County Attorney,0981,0,0,0,0,0.00%,0,0,0
County Attorney,0982,534,218,752,1021,73.65%,569,146,715
County Attorney,0983,41,28,69,165,41.82%,37,28,65
County Attorney,0984,43,49,92,198,46.46%,6,82,88
County Attorney,0985,172,67,239,336,71.13%,114,114,228
County Attorney,0986,129,86,215,404,53.22%,19,182,201
County Attorney,0987,465,191,656,1138,57.64%,45,591,636
County Attorney,0988,44,21,65,111,58.56%,52,10,62
County Attorney,0989,18,8,26,36,72.22%,11,14,25
County Attorney,0990,37,15,52,154,33.77%,17,29,46
County Attorney,0991,0,0,0,1,0.00%,0,0,0
County Attorney,0992,309,202,511,1015,50.34%,278,208,486
County Attorney,0993,272,91,363,551,65.88%,278,64,342
County Attorney,0994,6,5,11,8,137.50%,2,8,10
County Attorney,0995,596,190,786,1269,61.94%,32,723,755
County Attorney,0996,297,125,422,699,60.37%,229,173,402
County Attorney,0997,429,328,757,1439,52.61%,122,614,736
County Attorney,0998,15,9,24,35,68.57%,17,6,23
County Attorney,0999,30,16,46,65,70.77%,33,10,43
County Attorney,1000,105,0,105,458,22.93%,17,82,99
County Attorney,1001,496,294,790,1566,50.45%,146,599,745
County Attorney,1002,464,314,778,1738,44.76%,85,658,743
County Attorney,1003,0,0,0,1,0.00%,0,0,0
County Attorney,1004,224,153,377,656,57.47%,182,157,339
County Attorney,1005,0,0,0,0,0.00%,0,0,0
County Attorney,1006,3,0,3,5,60.00%,3,0,3
County Attorney,1007,555,295,850,1371,62.00%,199,621,820
County Attorney,1008,86,21,107,150,71.33%,80,22,102
County Attorney,1009,3,1,4,8,50.00%,3,0,3
County Attorney,1010,124,74,198,317,62.46%,29,164,193
County Attorney,1011,12,3,15,29,51.72%,4,8,12
County Attorney,1012,395,318,713,1235,57.73%,189,497,686
County Attorney,1013,8,14,22,60,36.67%,15,7,22
County Attorney,1014,9,7,16,36,44.44%,4,12,16
County Attorney,1015,11,7,18,29,62.07%,4,13,17
County Attorney,1016,591,364,955,1626,58.73%,420,491,911
County Attorney,1017,127,50,177,232,76.29%,50,120,170
County Attorney,1018,209,92,301,468,64.32%,143,151,294
County Attorney,1019,426,4,430,1518,28.33%,14,397,411
County Attorney,1020,0,0,0,1,0.00%,0,0,0
County Attorney,1021,1,0,1,2,50.00%,0,1,1
County Attorney,1022,190,30,220,426,51.64%,166,48,214
County Attorney,1023,894,401,1295,1964,65.94%,801,429,1230
County Attorney,1024,113,77,190,259,73.36%,98,76,174
County Attorney,1025,4,0,4,18,22.22%,1,3,4
County Attorney,1026,0,0,0,0,0.00%,0,0,0
County Attorney,1027,0,1,1,1,100.00%,0,0,0
County Attorney,1028,0,1,1,0,0.00%,1,0,1
County Attorney,1029,1021,641,1662,1802,92.23%,1262,317,1579
County Attorney,1030,397,105,502,655,76.64%,427,59,486
County Attorney,1031,3,3,6,6,100.00%,5,1,6
County Attorney,1032,59,80,139,241,57.68%,96,36,132
County Attorney,1033,0,0,0,0,0.00%,0,0,0
County Attorney,1034,0,0,0,1,0.00%,0,0,0
County Attorney,1035,24,13,37,139,26.62%,4,32,36
County Attorney,1036,144,46,190,433,43.88%,143,39,182
County Attorney,1037,27,16,43,73,58.90%,22,16,38
County Attorney,1038,133,43,176,266,66.17%,10,162,172
County Attorney,1039,3,5,8,20,40.00%,1,7,8
County Attorney,1040,192,146,338,607,55.68%,174,141,315
County Attorney,1041,0,0,0,0,0.00%,0,0,0
County Attorney,1042,227,50,277,498,55.62%,79,193,272
County Attorney,1043,12,2,14,31,45.16%,3,11,14
County Attorney,1044,29,5,34,59,57.63%,7,26,33
County Attorney,1045,611,321,932,1439,64.77%,120,781,901
County Attorney,1046,19,18,37,54,68.52%,4,32,36
County Attorney,1047,553,288,851,1242,68.52%,252,564,816
County Attorney,1048,3,1,4,18,22.22%,2,2,4
County Attorney,1049,57,71,128,266,48.12%,41,81,122
County Attorney,1050,148,153,301,506,59.49%,67,222,289
County Attorney,1,051,0,1,2,1,2,0,0.00%,7,4,1,1
County Attorney,1052,0,2,2,0,0.00%,0,1,1
County Attorney,1053,0,0,0,0,0.00%,0,0,0
County Attorney,1054,0,0,0,1,0.00%,0,0,0
County Attorney,1055,0,0,0,0,0.00%,0,0,0
County Attorney,1056,4,0,4,6,66.67%,0,4,4
County Attorney,1057,34,7,41,115,35.65%,2,36,38
County Attorney,1058,540,246,786,1190,66.05%,111,645,756
County Attorney,1059,7,3,10,23,43.48%,1,9,10
County Attorney,1060,13,4,17,49,34.69%,9,8,17
County Attorney,1061,665,300,965,1613,59.83%,504,424,928
County Attorney,1062,59,25,85,168,50.60%,20,61,81
County Attorney,1063,226,63,289,792,36.49%,30,250,280
County Attorney,1064,45,1,46,120,38.33%,34,10,44
County Attorney,Totals:,774640,427100,1201740,1942566,,553462,587130,1140592
